Activity Type,Date,Favorite,Title,Distance,Calories,Time,Avg HR,Max HR,Avg Run Cadence,Max Run Cadence,Avg Pace,Best Pace,Total Ascent,Total Descent,Avg Stride Length,Avg Vertical Ratio,Avg Vertical Oscillation,Avg Ground Contact Time,Training Stress ScoreÂ®,Grit,Flow,Avg. Swolf,Avg Stroke Rate,Total Reps,Decompression,Best Lap Time,Number of Laps,Max Temp,Moving Time,Elapsed Time,Min Elevation,Max Elevation
Running,2024-10-17 18:08:59,false,"Winston-Salem Running","3.18","320","00:29:03","151","167","177","192","9:08","7:50","207","161","0.99","NaN","NaN","NaN","0.0","NaN","NaN","NaN","NaN","NaN","No","00:01:26.4","4","NaN","00:29:00","00:29:28","751","955"
Running,2024-10-16 07:20:38,false,"Winston-Salem Running","2.04","198","00:19:53","141","158","174","188","9:46","8:54","3","--","0.95","NaN","NaN","NaN","0.0","NaN","NaN","NaN","NaN","NaN","No","00:00:21.6","3","NaN","00:19:46","00:20:54","747","771"
Running,2024-10-13 08:09:32,false,"Chicago Marathon","26.57","3,003","03:50:10","177","193","177","200","8:40","5:45","200","200","1.05","NaN","NaN","NaN","0.0","NaN","NaN","NaN","NaN","NaN","No","00:04:33.7","27","NaN","03:49:58","03:50:21","562","754"
Running,2024-10-12 08:41:31,false,"Chicago Running","3.17","333","00:33:02","143","155","167","182","10:25","7:49","59","49","0.92","NaN","NaN","NaN","0.0","NaN","NaN","NaN","NaN","NaN","No","00:01:58.3","4","NaN","00:32:46","00:49:25","584","691"
Running,2024-10-10 18:07:02,false,"Winston-Salem Running","3.20","319","00:30:06","147","175","174","188","9:24","7:55","222","211","0.98","NaN","NaN","NaN","0.0","NaN","NaN","NaN","NaN","NaN","No","00:01:48.3","4","NaN","00:29:55","00:30:23","752","956"
Cardio,2024-10-10 07:35:47,false,"Cardio","0.00","53","00:15:18","87","129","--","--","--","--","--","--","NaN","NaN","NaN","NaN","0.0","NaN","NaN","NaN","NaN","NaN","No","00:15:18","1","NaN","00:00:00","00:15:18","757","757"
Running,2024-10-09 06:14:34,false,"Winston-Salem Running","4.52","437","00:38:49","157","180","176","188","8:36","6:45","69","80","1.07","NaN","NaN","NaN","0.0","NaN","NaN","NaN","NaN","NaN","No","00:04:34.4","5","NaN","00:38:42","00:58:43","747","767"
Walking,2024-10-08 17:47:34,false,"Winston-Salem Walking","0.78","80","00:15:41","89","102","99","247","20:04","7:36","54","49","0.81","NaN","NaN","NaN","0.0","NaN","NaN","NaN","NaN","NaN","No","00:15:41","1","NaN","00:15:09","00:15:48","869","925"
Running,2024-10-07 18:16:04,false,"Winston-Salem Running","3.05","322","00:30:45","145","160","172","186","10:06","9:22","156","159","0.93","NaN","NaN","NaN","0.0","NaN","NaN","NaN","NaN","NaN","No","00:00:29.2","4","NaN","00:30:38","00:30:48","845","958"
Running,2024-10-06 13:29:47,false,"Winston-Salem Running","5.01","472","00:49:35","140","170","168","188","9:54","6:00","140","131","0.97","NaN","NaN","NaN","0.0","NaN","NaN","NaN","NaN","NaN","No","00:00:06.5","6","NaN","00:49:06","00:59:31","723","776"
Running,2024-10-05 07:35:37,false,"Winston-Salem Running","8.22","854","01:14:38","161","183","173","182","9:05","7:27","415","416","1.03","NaN","NaN","NaN","0.0","NaN","NaN","NaN","NaN","NaN","No","00:02:18.1","9","NaN","01:14:17","01:31:00","742","956"
Running,2024-10-02 06:08:13,false,"Winston-Salem Running","7.01","668","00:58:00","161","192","175","206","8:17","6:26","49","54","1.11","NaN","NaN","NaN","0.0","NaN","NaN","NaN","NaN","NaN","No","00:00:07.1","8","NaN","00:57:48","01:28:25","747","767"
Walking,2024-10-01 16:37:58,false,"Winston-Salem Walking","1.02","100","00:19:26","91","110","102","248","18:58","6:46","40","44","0.83","NaN","NaN","NaN","0.0","NaN","NaN","NaN","NaN","NaN","No","00:00:28.4","2","NaN","00:18:48","00:19:48","886","927"
Running,2024-09-30 18:15:41,false,"Winston-Salem Running","3.05","320","00:29:49","148","174","173","190","9:46","8:09","157","167","0.96","NaN","NaN","NaN","0.0","NaN","NaN","NaN","NaN","NaN","No","00:00:32.4","4","NaN","00:29:45","00:30:36","844","958"
Cardio,2024-09-30 08:01:12,false,"Cardio","0.00","183","00:35:17","107","136","--","--","--","--","--","--","NaN","NaN","NaN","NaN","0.0","NaN","NaN","NaN","NaN","NaN","No","00:35:17","1","NaN","00:00:00","00:37:14","--","--"
Running,2024-09-29 14:17:03,false,"Winston-Salem Running","5.78","590","00:52:32","157","181","170","224","9:05","7:11","89","91","1.04","NaN","NaN","NaN","0.0","NaN","NaN","NaN","NaN","NaN","No","00:07:58.5","6","NaN","00:52:11","01:01:09","742","780"
Walking,2024-09-29 10:09:35,false,"Surry County Walking","2.12","218","00:41:50","110","134","117","247","19:42","8:44","395","397","0.70","NaN","NaN","NaN","0.0","NaN","NaN","NaN","NaN","NaN","No","00:02:14.9","3","NaN","00:40:47","00:54:20","958","1,096"
Running,2024-09-28 06:45:57,false,"Winston-Salem Running","14.19","1,384","02:12:19","156","180","174","200","9:19","7:23","921","927","0.99","NaN","NaN","NaN","0.0","NaN","NaN","NaN","NaN","NaN","No","00:01:54.0","15","NaN","02:11:46","02:21:27","751","982"
Walking,2024-09-27 16:17:38,false,"Winston-Salem Walking","2.41","243","00:47:10","101","117","110","248","19:36","10:58","229","148","0.75","NaN","NaN","NaN","0.0","NaN","NaN","NaN","NaN","NaN","No","00:08:10.6","3","NaN","00:46:06","00:47:10","806","945"
Cardio,2024-09-26 08:01:08,false,"Cardio","0.00","209","01:01:36","89","125","--","--","--","--","--","--","NaN","NaN","NaN","NaN","0.0","NaN","NaN","NaN","NaN","NaN","No","01:01:36","1","NaN","00:00:00","01:01:36","806","806"
Running,2024-09-26 06:40:18,false,"Winston-Salem Running","5.01","462","00:52:05","136","152","166","212","10:24","8:09","230","242","0.93","NaN","NaN","NaN","0.0","NaN","NaN","NaN","NaN","NaN","No","00:00:06.5","6","NaN","00:51:23","01:01:15","792","964"
Cardio,2024-09-25 07:54:19,false,"Cardio","0.00","228","00:42:06","109","140","--","--","--","--","--","--","NaN","NaN","NaN","NaN","0.0","NaN","NaN","NaN","NaN","NaN","No","00:42:06","1","NaN","00:00:00","00:42:06","--","--"
Running,2024-09-25 06:10:03,false,"Winston-Salem Running","7.01","661","00:55:41","163","204","178","190","7:57","6:02","24","20","1.14","NaN","NaN","NaN","0.0","NaN","NaN","NaN","NaN","NaN","No","00:00:08.2","8","NaN","00:55:19","01:18:13","746","767"
Running,2024-09-23 18:17:01,false,"Winston-Salem Running","3.04","309","00:29:24","144","167","174","184","9:41","8:30","147","146","0.96","NaN","NaN","NaN","0.0","NaN","NaN","NaN","NaN","NaN","No","00:00:22.1","4","NaN","00:29:19","00:29:41","844","958"
Cardio,2024-09-23 17:17:37,false,"Cardio","0.00","264","00:40:17","115","156","--","--","--","--","--","--","NaN","NaN","NaN","NaN","0.0","NaN","NaN","NaN","NaN","NaN","No","00:40:17","1","NaN","00:00:00","00:40:17","--","--"
Cardio,2024-09-22 13:12:00,false,"Cardio","0.00","124","00:49:25","79","109","--","--","--","--","--","--","NaN","NaN","NaN","NaN","0.0","NaN","NaN","NaN","NaN","NaN","No","00:49:25","1","NaN","00:00:00","00:49:25","688","688"
Running,2024-09-22 08:10:58,false,"Winston-Salem Running","6.05","627","00:58:09","150","160","173","184","9:37","8:47","152","148","0.97","NaN","NaN","NaN","0.0","NaN","NaN","NaN","NaN","NaN","No","00:00:29.5","7","NaN","00:58:03","00:58:24","721","778"
Running,2024-09-21 06:36:35,false,"Winston-Salem Running","16.01","1,691","02:27:31","160","191","174","188","9:13","6:51","958","962","1.01","NaN","NaN","NaN","0.0","NaN","NaN","NaN","NaN","NaN","No","00:00:04.6","17","NaN","02:27:16","02:39:40","751","983"
Running,2024-09-20 13:00:02,false,"Winston-Salem Running","5.01","480","00:47:29","145","163","168","205","9:29","6:32","203","203","1.01","NaN","NaN","NaN","0.0","NaN","NaN","NaN","NaN","NaN","No","00:00:05.6","6","NaN","00:47:15","00:54:11","795","922"
Running,2024-09-19 07:24:29,false,"Lookout Mountain Running","2.06","207","00:20:27","140","158","170","224","9:55","7:42","82","126","0.96","NaN","NaN","NaN","0.0","NaN","NaN","NaN","NaN","NaN","No","00:00:33.4","3","NaN","00:20:26","00:22:18","1,604","1,707"
Running,2024-09-18 06:07:48,false,"Winston-Salem Running","8.01","593","01:02:00","146","182","177","240","7:44","5:12","61","62","1.17","NaN","NaN","NaN","0.0","NaN","NaN","NaN","NaN","NaN","No","00:00:06.6","9","NaN","01:00:30","01:49:52","746","767"
Running,2024-09-17 17:43:22,false,"Winston-Salem Running","6.01","528","01:00:00","136","157","168","180","9:59","8:19","279","275","0.96","NaN","NaN","NaN","0.0","NaN","NaN","NaN","NaN","NaN","No","00:00:06.0","7","NaN","00:59:45","01:12:19","784","971"
Cardio,2024-09-16 16:16:55,false,"Cardio","0.00","228","00:50:11","102","132","--","--","--","--","--","--","NaN","NaN","NaN","NaN","0.0","NaN","NaN","NaN","NaN","NaN","No","00:50:11","1","NaN","00:00:00","00:50:11","--","--"
Running,2024-09-15 17:17:43,false,"Winston-Salem Running","8.04","700","01:21:17","135","157","171","188","10:07","8:19","411","417","0.93","NaN","NaN","NaN","0.0","NaN","NaN","NaN","NaN","NaN","No","00:00:24.0","9","NaN","01:20:59","01:31:51","720","910"
Running,2024-09-14 06:09:38,false,"Winston-Salem Running","20.00","2,165","02:56:57","170","190","178","190","8:51","7:34","1,120","1,119","1.02","NaN","NaN","NaN","0.0","NaN","NaN","NaN","NaN","NaN","No","00:00:05.8","21","NaN","02:56:32","03:15:56","742","972"
Running,2024-09-12 17:21:18,false,"Winston-Salem Running","7.02","721","01:08:56","149","169","172","184","9:50","8:35","417","421","0.95","NaN","NaN","NaN","0.0","NaN","NaN","NaN","NaN","NaN","No","00:00:10.9","8","NaN","01:08:09","01:26:16","742","973"
Cardio,2024-09-12 08:46:40,false,"Cardio","0.00","61","00:22:03","80","115","--","--","--","--","--","--","NaN","NaN","NaN","NaN","0.0","NaN","NaN","NaN","NaN","NaN","No","00:22:03","1","NaN","00:00:00","00:22:03","--","--"
Cardio,2024-09-11 08:20:31,false,"Cardio","0.00","192","00:31:15","113","139","--","--","--","--","--","--","NaN","NaN","NaN","NaN","0.0","NaN","NaN","NaN","NaN","NaN","No","00:31:15","1","NaN","00:00:00","00:31:15","--","--"
Running,2024-09-11 06:07:50,false,"Winston-Salem Running","10.01","902","01:24:26","159","187","176","231","8:26","5:53","75","76","1.08","NaN","NaN","NaN","0.0","NaN","NaN","NaN","NaN","NaN","No","00:00:06.3","11","NaN","01:23:57","01:53:35","747","768"
Running,2024-09-09 18:18:02,false,"Winston-Salem Running","3.01","319","00:28:27","152","172","174","188","9:28","8:36","134","132","0.98","NaN","NaN","NaN","0.0","NaN","NaN","NaN","NaN","NaN","No","00:00:02.8","4","NaN","00:28:22","00:28:44","845","958"
Cardio,2024-09-09 17:08:08,false,"Cardio","0.00","229","00:40:17","109","143","--","--","--","--","--","--","NaN","NaN","NaN","NaN","0.0","NaN","NaN","NaN","NaN","NaN","No","00:40:17","1","NaN","00:00:00","00:40:17","890","890"
Running,2024-09-09 07:46:15,false,"Winston-Salem Running","6.01","569","00:57:18","147","167","171","182","9:32","8:19","157","163","0.99","NaN","NaN","NaN","0.0","NaN","NaN","NaN","NaN","NaN","No","00:00:06.0","7","NaN","00:56:54","01:03:47","884","969"
Running,2024-09-08 14:00:51,false,"Winston-Salem Running","7.01","639","01:10:07","139","155","171","188","10:00","8:17","202","174","0.94","NaN","NaN","NaN","0.0","NaN","NaN","NaN","NaN","NaN","No","00:00:06.4","8","NaN","01:09:50","01:25:35","722","778"
Running,2024-09-07 06:39:35,false,"Winston-Salem Running","16.02","1,620","02:26:12","160","188","177","188","9:08","6:39","949","947","1.00","NaN","NaN","NaN","0.0","NaN","NaN","NaN","NaN","NaN","No","00:00:09.5","17","NaN","02:25:53","02:44:05","742","982"
Cardio,2024-09-06 08:58:00,false,"Cardio","0.00","256","00:43:57","114","144","--","--","--","--","--","--","NaN","NaN","NaN","NaN","0.0","NaN","NaN","NaN","NaN","NaN","No","00:10:25","2","NaN","00:00:00","00:43:57","783","783"
Running,2024-09-06 08:31:23,false,"Winston-Salem Running","2.01","202","00:19:37","147","169","172","182","9:45","8:44","60","66","0.96","NaN","NaN","NaN","0.0","NaN","NaN","NaN","NaN","NaN","No","00:00:07.0","3","NaN","00:19:32","00:22:19","798","860"
Running,2024-09-05 17:17:13,false,"Winston-Salem Running","7.84","849","01:13:32","157","178","172","180","9:22","7:37","459","474","1.00","NaN","NaN","NaN","0.0","NaN","NaN","NaN","NaN","NaN","No","00:07:49.1","8","NaN","01:13:15","01:38:19","742","971"
Running,2024-09-04 06:11:27,false,"Winston-Salem Running","8.01","763","01:05:21","161","194","178","203","8:10","5:25","15","16","1.11","NaN","NaN","NaN","0.0","NaN","NaN","NaN","NaN","NaN","No","00:00:06.2","9","NaN","01:04:42","01:29:21","746","767"
Running,2024-09-02 18:15:37,false,"Winston-Salem Running","5.19","565","00:51:25","151","169","174","182","9:55","8:47","307","287","0.93","NaN","NaN","NaN","0.0","NaN","NaN","NaN","NaN","NaN","No","00:01:49.2","6","NaN","00:51:20","00:51:49","742","972"
Cardio,2024-09-02 10:33:10,false,"Cardio","0.00","341","01:10:10","106","141","--","--","--","--","--","--","NaN","NaN","NaN","NaN","0.0","NaN","NaN","NaN","NaN","NaN","No","01:10:10","1","NaN","00:00:00","01:10:10","831","831"
Running,2024-09-02 10:01:54,false,"Winston-Salem Running","2.01","184","00:20:12","133","150","172","188","10:03","8:19","65","65","0.93","NaN","NaN","NaN","0.0","NaN","NaN","NaN","NaN","NaN","No","00:00:05.8","3","NaN","00:19:47","00:23:33","797","860"
Running,2024-08-31 07:45:49,false,"Holden Beach Running","14.01","1,439","02:04:26","162","185","176","201","8:53","6:42","15","9","1.03","NaN","NaN","NaN","0.0","NaN","NaN","NaN","NaN","NaN","No","00:00:06.5","15","NaN","02:03:55","02:35:16","--","11"
Walking,2024-08-30 09:27:20,false,"Holden Beach Walking","2.40","227","00:45:25","94","119","107","236","18:56","13:42","8","8","0.80","NaN","NaN","NaN","0.0","NaN","NaN","NaN","NaN","NaN","No","00:07:55.7","3","NaN","00:45:24","00:45:29","--","8"
Running,2024-08-29 08:55:44,false,"Holden Beach Running","7.01","673","01:09:04","143","167","171","184","9:51","7:58","11","5","0.96","NaN","NaN","NaN","0.0","NaN","NaN","NaN","NaN","NaN","No","00:00:08.8","8","NaN","01:08:48","01:20:01","--","10"
Running,2024-08-28 07:18:02,false,"Shallotte Running","5.01","438","00:37:45","160","188","173","228","7:32","5:27","--","--","1.24","NaN","NaN","NaN","0.0","NaN","NaN","NaN","NaN","NaN","No","00:00:07.9","6","NaN","00:36:46","00:57:31","39","43"
Walking,2024-08-27 08:55:53,false,"Holden Beach Walking","1.63","157","00:30:12","93","107","115","246","18:30","12:43","5","--","0.75","NaN","NaN","NaN","0.0","NaN","NaN","NaN","NaN","NaN","No","00:11:12","2","NaN","00:30:08","00:30:12","--","25"
Running,2024-08-26 08:20:43,false,"Holden Beach Running","5.12","521","00:48:22","148","174","176","246","9:27","5:56","6","5","0.97","NaN","NaN","NaN","0.0","NaN","NaN","NaN","NaN","NaN","No","00:01:00","6","NaN","00:48:20","00:50:29","--","10"
Running,2024-08-25 08:25:11,false,"Winston-Salem Running","3.81","360","00:38:40","137","156","169","182","10:08","8:54","214","214","0.94","NaN","NaN","NaN","0.0","NaN","NaN","NaN","NaN","NaN","No","00:08:17.3","4","NaN","00:38:23","00:43:42","800","932"
Running,2024-08-24 06:08:16,false,"Winston-Salem Running","22.01","2,251","03:23:23","159","187","175","193","9:14","7:29","1,084","1,085","0.99","NaN","NaN","NaN","0.0","NaN","NaN","NaN","NaN","NaN","No","00:00:06.4","23","NaN","03:20:50","03:42:10","732","983"
Cardio,2024-08-23 08:24:34,false,"Cardio","0.00","79","00:26:07","82","128","--","--","--","--","--","--","NaN","NaN","NaN","NaN","0.0","NaN","NaN","NaN","NaN","NaN","No","00:26:07","1","NaN","00:00:00","00:26:07","783","783"
Cardio,2024-08-22 08:53:33,false,"Cardio","0.00","195","00:45:10","97","134","--","--","--","--","--","--","NaN","NaN","NaN","NaN","0.0","NaN","NaN","NaN","NaN","NaN","No","00:45:10","1","NaN","00:00:00","00:45:10","783","783"
Running,2024-08-21 19:10:31,false,"Winston-Salem Running","4.01","374","00:32:43","155","176","175","188","8:10","6:37","1,033","129","1.12","NaN","NaN","NaN","0.0","NaN","NaN","NaN","NaN","NaN","No","00:00:06.4","5","NaN","00:32:29","00:37:16","20","979"
Cardio,2024-08-20 08:50:33,false,"Cardio","0.00","250","00:36:05","118","159","--","--","--","--","--","--","NaN","NaN","NaN","NaN","0.0","NaN","NaN","NaN","NaN","NaN","No","00:36:05","1","NaN","00:00:00","00:36:05","880","880"
Running,2024-08-20 06:39:23,false,"Winston-Salem Running","9.01","714","01:12:16","150","188","179","208","8:01","4:42","124","123","1.12","NaN","NaN","NaN","0.0","NaN","NaN","NaN","NaN","NaN","No","00:00:06.0","10","NaN","01:11:35","01:44:53","746","774"
Running,2024-08-18 13:43:40,false,"Winston-Salem Running","7.01","661","01:08:19","143","154","171","188","9:45","8:27","193","189","0.96","NaN","NaN","NaN","0.0","NaN","NaN","NaN","NaN","NaN","No","00:00:05.8","8","NaN","01:07:49","01:24:14","721","778"
Running,2024-08-17 06:33:40,false,"Winston-Salem Running","15.02","1,537","02:23:36","155","186","175","188","9:34","7:17","641","625","0.96","NaN","NaN","NaN","0.0","NaN","NaN","NaN","NaN","NaN","No","00:00:07.1","16","NaN","02:23:06","02:45:26","742","972"
Cardio,2024-08-16 09:34:13,false,"Cardio","0.00","204","00:30:11","119","145","--","--","--","--","--","--","NaN","NaN","NaN","NaN","0.0","NaN","NaN","NaN","NaN","NaN","No","00:30:11","1","NaN","00:00:00","00:30:11","814","814"
Running,2024-08-16 08:53:46,false,"Winston-Salem Running","3.10","323","00:30:59","145","160","170","180","9:59","8:41","171","167","0.95","NaN","NaN","NaN","0.0","NaN","NaN","NaN","NaN","NaN","No","00:01:05.1","4","NaN","00:30:48","00:35:29","796","906"
Running,2024-08-15 17:36:33,false,"Winston-Salem Running","7.09","762","01:07:06","157","177","175","185","9:28","6:33","344","354","0.97","NaN","NaN","NaN","0.0","NaN","NaN","NaN","NaN","NaN","No","00:00:49.7","8","NaN","01:06:43","01:20:14","741","971"
Cardio,2024-08-15 08:14:05,false,"Cardio","0.00","106","00:26:06","94","131","--","--","--","--","--","--","NaN","NaN","NaN","NaN","0.0","NaN","NaN","NaN","NaN","NaN","No","00:26:06","1","NaN","00:00:00","00:26:06","--","--"
Cardio,2024-08-14 08:01:07,false,"Cardio","0.00","232","00:35:21","117","148","--","--","--","--","--","--","NaN","NaN","NaN","NaN","0.0","NaN","NaN","NaN","NaN","NaN","No","00:35:21","1","NaN","00:00:00","00:35:21","--","--"
Running,2024-08-14 06:01:56,false,"Winston-Salem Running","8.01","719","01:05:00","156","198","181","231","8:07","4:42","41","27","1.10","NaN","NaN","NaN","0.0","NaN","NaN","NaN","NaN","NaN","No","00:00:04.2","9","NaN","01:04:35","01:30:01","747","767"
Running,2024-08-12 18:15:52,false,"Winston-Salem Running","5.01","527","00:48:44","149","172","177","186","9:44","8:43","265","263","0.93","NaN","NaN","NaN","0.0","NaN","NaN","NaN","NaN","NaN","No","00:00:06.9","6","NaN","00:48:40","00:49:58","742","971"
Cardio,2024-08-12 17:20:00,false,"Cardio","0.00","233","00:43:35","107","148","--","--","--","--","--","--","NaN","NaN","NaN","NaN","0.0","NaN","NaN","NaN","NaN","NaN","No","00:43:35","1","NaN","00:00:00","00:43:35","--","--"
Running,2024-08-11 06:23:28,false,"Winston-Salem Running","20.01","1,905","03:05:08","154","181","175","239","9:15","7:04","741","738","1.00","NaN","NaN","NaN","0.0","NaN","NaN","NaN","NaN","NaN","No","00:00:03.3","21","NaN","03:04:22","03:27:52","785","984"
Running,2024-08-09 08:52:09,false,"Winston-Salem Running","6.01","619","00:58:02","151","166","173","188","9:40","6:41","291","313","0.96","NaN","NaN","NaN","0.0","NaN","NaN","NaN","NaN","NaN","No","00:00:06.0","7","NaN","00:57:50","01:02:06","802","983"
Cardio,2024-08-07 07:57:16,false,"Cardio","0.00","202","00:33:28","112","133","--","--","--","--","--","--","NaN","NaN","NaN","NaN","0.0","NaN","NaN","NaN","NaN","NaN","No","00:33:28","1","NaN","00:00:00","00:33:28","749","749"
Running,2024-08-07 05:58:41,false,"Winston-Salem Running","8.01","723","01:07:24","152","192","179","229","8:25","5:24","81","81","1.06","NaN","NaN","NaN","0.0","NaN","NaN","NaN","NaN","NaN","No","00:00:05.6","9","NaN","01:06:57","01:34:32","743","772"
Cardio,2024-08-06 19:09:55,false,"Cardio","0.00","202","00:32:48","115","159","--","--","--","--","--","--","NaN","NaN","NaN","NaN","0.0","NaN","NaN","NaN","NaN","NaN","No","00:32:48","1","NaN","00:00:00","00:32:48","803","803"
Running,2024-08-06 17:58:38,false,"Winston-Salem Running","6.01","598","00:59:16","145","167","172","199","9:52","5:27","300","301","0.95","NaN","NaN","NaN","0.0","NaN","NaN","NaN","NaN","NaN","No","00:00:06.8","7","NaN","00:59:01","01:05:57","796","972"
Walking,2024-08-05 12:30:31,false,"Blowing Rock Walking","2.30","282","01:02:23","94","112","81","245","27:09","10:43","730","729","0.75","NaN","NaN","NaN","0.0","NaN","NaN","NaN","NaN","NaN","No","00:06:35.7","3","NaN","00:52:28","01:14:22","2,934","3,529"
Running,2024-08-04 09:38:21,false,"Ashe County Running","5.01","491","00:44:28","151","167","178","188","8:53","6:36","117","101","1.02","NaN","NaN","NaN","0.0","NaN","NaN","NaN","NaN","NaN","No","00:00:03.7","6","NaN","00:44:17","00:44:33","2,931","3,008"
Running,2024-08-03 06:08:30,false,"Winston-Salem Running","18.01","1,829","02:48:03","159","194","177","240","9:20","6:59","1,063","1,043","0.97","NaN","NaN","NaN","0.0","NaN","NaN","NaN","NaN","NaN","No","00:00:09.0","19","NaN","02:47:05","03:20:26","742","983"
Running,2024-08-01 17:03:01,false,"Winston-Salem Running","10.00","1,109","01:36:05","159","181","173","186","9:36","7:55","629","639","0.97","NaN","NaN","NaN","0.0","NaN","NaN","NaN","NaN","NaN","No","00:00:03.9","11","NaN","01:35:12","01:56:21","741","972"
Cardio,2024-07-31 07:53:40,false,"Cardio","0.00","187","00:33:10","110","149","--","--","--","--","--","--","NaN","NaN","NaN","NaN","0.0","NaN","NaN","NaN","NaN","NaN","No","00:33:10","1","NaN","00:00:00","00:35:19","749","749"
Running,2024-07-31 05:55:39,false,"Winston-Salem Running","7.09","630","00:55:45","160","194","177","198","7:51","5:38","82","89","1.15","NaN","NaN","NaN","0.0","NaN","NaN","NaN","NaN","NaN","No","00:00:47.5","8","NaN","00:55:08","01:29:56","747","769"
Running,2024-07-29 18:12:23,false,"Winston-Salem Running","5.00","546","00:49:00","153","171","177","197","9:48","8:32","268","280","0.93","NaN","NaN","NaN","0.0","NaN","NaN","NaN","NaN","NaN","No","00:00:03.8","6","NaN","00:48:59","00:49:06","742","971"
Cardio,2024-07-29 17:04:53,false,"Cardio","0.00","237","00:42:15","110","141","--","--","--","--","--","--","NaN","NaN","NaN","NaN","0.0","NaN","NaN","NaN","NaN","NaN","No","00:42:15","1","NaN","00:00:00","00:42:15","--","--"
Cardio,2024-07-28 15:13:59,false,"Cardio","0.00","62","00:15:03","93","120","--","--","--","--","--","--","NaN","NaN","NaN","NaN","0.0","NaN","NaN","NaN","NaN","NaN","No","00:15:03","1","NaN","00:00:00","00:15:03","741","741"
Cardio,2024-07-28 14:43:12,false,"Cardio","0.00","28","00:07:07.7","91","113","--","--","--","--","--","--","NaN","NaN","NaN","NaN","0.0","NaN","NaN","NaN","NaN","NaN","No","00:07:07.7","1","NaN","00:00:00","00:07:07.7","741","741"
Running,2024-07-28 13:23:35,false,"Winston-Salem Running","5.01","490","00:41:37","161","180","180","194","8:19","7:34","142","139","1.07","NaN","NaN","NaN","0.0","NaN","NaN","NaN","NaN","NaN","No","00:03:18.0","6","NaN","00:41:24","00:47:06","722","778"
Running,2024-07-27 06:39:18,false,"Winston-Salem Running","12.01","1,262","01:51:32","159","174","178","188","9:17","7:37","610","619","0.97","NaN","NaN","NaN","0.0","NaN","NaN","NaN","NaN","NaN","No","00:00:06.0","13","NaN","01:51:10","02:25:25","742","957"
Running,2024-07-25 17:27:04,false,"Winston-Salem Running","5.07","533","00:44:55","160","187","177","188","8:51","7:26","286","274","1.02","NaN","NaN","NaN","0.0","NaN","NaN","NaN","NaN","NaN","No","00:00:42.0","6","NaN","00:44:38","01:06:29","751","955"
Cardio,2024-07-25 08:12:56,false,"Cardio","0.00","56","00:20:50","79","112","--","--","--","--","--","--","NaN","NaN","NaN","NaN","0.0","NaN","NaN","NaN","NaN","NaN","No","00:20:50","1","NaN","00:00:00","00:20:50","--","--"
Cardio,2024-07-24 07:52:19,false,"Cardio","0.00","239","00:42:18","110","138","--","--","--","--","--","--","NaN","NaN","NaN","NaN","0.0","NaN","NaN","NaN","NaN","NaN","No","00:42:18","1","NaN","00:00:00","00:43:40","756","756"
Running,2024-07-24 06:01:59,false,"Winston-Salem Running","6.02","515","00:47:16","155","194","181","239","7:51","6:00","31","38","1.13","NaN","NaN","NaN","0.0","NaN","NaN","NaN","NaN","NaN","No","00:00:12.5","7","NaN","00:46:45","01:20:13","748","768"
Running,2024-07-22 18:17:00,false,"Winston-Salem Running","5.01","519","00:47:27","152","176","178","201","9:29","8:36","274","279","0.95","NaN","NaN","NaN","0.0","NaN","NaN","NaN","NaN","NaN","No","00:00:03.8","6","NaN","00:47:17","00:50:53","742","972"
Cardio,2024-07-22 17:06:23,false,"Cardio","0.00","247","00:45:55","108","152","--","--","--","--","--","--","NaN","NaN","NaN","NaN","0.0","NaN","NaN","NaN","NaN","NaN","No","00:45:55","1","NaN","00:00:00","00:45:55","701","701"
Running,2024-07-21 14:13:26,false,"Winston-Salem Running","6.80","740","01:03:03","160","172","177","186","9:16","8:23","163","150","0.98","NaN","NaN","NaN","0.0","NaN","NaN","NaN","NaN","NaN","No","00:07:18.3","7","NaN","01:03:02","01:03:03","721","778"
Running,2024-07-20 18:30:06,false,"Winston-Salem Running","3.14","290","00:22:52","169","194","183","215","7:17","5:57","113","103","1.21","NaN","NaN","NaN","0.0","NaN","NaN","NaN","NaN","NaN","No","00:00:57.3","4","NaN","00:22:48","00:22:52","939","1,016"
Running,2024-07-20 17:56:33,false,"Winston-Salem Running","1.01","110","00:10:04","151","164","176","188","9:58","8:51","17","18","0.92","NaN","NaN","NaN","0.0","NaN","NaN","NaN","NaN","NaN","No","00:00:05.4","2","NaN","00:09:58","00:10:04","955","987"
Running,2024-07-20 08:33:32,false,"Winston-Salem Running","2.01","212","00:21:12","142","159","173","183","10:33","9:11","113","105","0.88","NaN","NaN","NaN","0.0","NaN","NaN","NaN","NaN","NaN","No","00:00:06.2","3","NaN","00:21:06","00:21:23","745","870"
Running,2024-07-19 09:13:21,false,"Winston-Salem Running","3.01","310","00:30:49","142","158","171","182","10:14","8:26","61","65","0.92","NaN","NaN","NaN","0.0","NaN","NaN","NaN","NaN","NaN","No","00:00:06.5","4","NaN","00:30:46","00:33:38","721","762"
Running,2024-07-18 18:20:16,false,"Winston-Salem Running","5.01","518","00:44:16","160","174","179","185","8:50","7:54","156","671","1.02","NaN","NaN","NaN","0.0","NaN","NaN","NaN","NaN","NaN","No","00:00:06.7","6","NaN","00:44:13","00:44:16","734","1,266"
Cardio,2024-07-18 08:24:29,false,"Cardio","0.00","216","00:40:38","108","140","--","--","--","--","--","--","NaN","NaN","NaN","NaN","0.0","NaN","NaN","NaN","NaN","NaN","No","00:40:38","1","NaN","00:00:00","00:40:38","831","831"
Walking,2024-07-18 07:42:06,false,"Winston-Salem Walking","1.04","102","00:20:30","96","108","85","248","19:48","10:53","42","28","0.96","NaN","NaN","NaN","0.0","NaN","NaN","NaN","NaN","NaN","No","00:00:35.0","2","NaN","00:19:50","00:20:59","869","910"
Running,2024-07-17 06:08:48,false,"Winston-Salem Running","16.02","1,605","02:30:24","158","182","173","221","9:23","7:55","726","729","0.99","NaN","NaN","NaN","0.0","NaN","NaN","NaN","NaN","NaN","No","00:00:12.3","17","NaN","02:28:46","02:53:14","791","984"
Running,2024-07-15 18:15:57,false,"Winston-Salem Running","5.01","525","00:49:57","148","169","172","185","9:58","8:56","258","271","0.94","NaN","NaN","NaN","0.0","NaN","NaN","NaN","NaN","NaN","No","00:00:07.8","6","NaN","00:49:36","00:51:41","729","971"
Cardio,2024-07-15 16:56:56,false,"Cardio","0.00","278","00:46:35","114","152","--","--","--","--","--","--","NaN","NaN","NaN","NaN","0.0","NaN","NaN","NaN","NaN","NaN","No","00:46:35","1","NaN","00:00:00","00:46:35","--","--"
Running,2024-07-13 06:37:47,false,"Winston-Salem Running","14.00","1,431","02:11:53","158","182","174","227","9:25","7:37","834","836","0.98","NaN","NaN","NaN","0.0","NaN","NaN","NaN","NaN","NaN","No","00:00:06.4","15","NaN","02:11:35","02:43:04","742","971"
Cardio,2024-07-12 09:06:28,false,"Cardio","0.00","171","00:35:03","103","135","--","--","--","--","--","--","NaN","NaN","NaN","NaN","0.0","NaN","NaN","NaN","NaN","NaN","No","00:35:03","1","NaN","00:00:00","00:35:03","--","--"
Running,2024-07-11 17:34:37,false,"Winston-Salem Running","7.06","769","01:04:11","164","185","173","182","9:05","7:44","387","405","1.03","NaN","NaN","NaN","0.0","NaN","NaN","NaN","NaN","NaN","No","00:00:31.0","8","NaN","01:03:37","01:19:54","742","971"
Cardio,2024-07-10 07:44:31,false,"Cardio","0.00","287","00:44:18","119","151","--","--","--","--","--","--","NaN","NaN","NaN","NaN","0.0","NaN","NaN","NaN","NaN","NaN","No","00:44:18","1","NaN","00:00:00","00:44:18","673","826"
Running,2024-07-10 05:59:05,false,"Winston-Salem Running","7.01","703","00:58:03","166","193","176","190","8:17","6:46","116","113","1.10","NaN","NaN","NaN","0.0","NaN","NaN","NaN","NaN","NaN","No","00:00:05.4","8","NaN","00:57:37","01:28:08","747","768"
Walking,2024-07-09 17:38:29,false,"Winston-Salem Walking","1.73","178","00:37:18","98","116","91","231","21:36","15:32","93","93","0.83","NaN","NaN","NaN","0.0","NaN","NaN","NaN","NaN","NaN","No","00:15:33","2","NaN","00:35:07","00:40:19","833","930"
Running,2024-07-08 18:16:06,false,"Winston-Salem Running","5.01","542","00:46:45","158","190","173","182","9:20","7:08","291","306","1.00","NaN","NaN","NaN","0.0","NaN","NaN","NaN","NaN","NaN","No","00:00:06.3","6","NaN","00:46:30","00:48:33","742","973"
Cardio,2024-07-08 10:34:41,false,"Cardio","0.00","305","01:01:47","107","136","--","--","--","--","--","--","NaN","NaN","NaN","NaN","0.0","NaN","NaN","NaN","NaN","NaN","No","01:01:47","1","NaN","00:00:00","01:01:47","--","--"
Running,2024-07-07 13:58:56,false,"Winston-Salem Running","6.31","661","00:57:33","158","170","177","188","9:07","8:11","182","188","1.00","NaN","NaN","NaN","0.0","NaN","NaN","NaN","NaN","NaN","No","00:02:57.4","7","NaN","00:57:32","00:58:15","720","778"
Running,2024-07-06 06:51:48,false,"Winston-Salem Running","12.14","1,374","01:49:49","170","190","175","194","9:03","6:51","534","534","1.02","NaN","NaN","NaN","0.0","NaN","NaN","NaN","NaN","NaN","No","00:01:10.2","13","NaN","01:49:21","02:10:33","742","958"
Cardio,2024-07-05 08:14:02,false,"Cardio","0.00","257","00:43:32","112","148","--","--","--","--","--","--","NaN","NaN","NaN","NaN","0.0","NaN","NaN","NaN","NaN","NaN","No","00:43:32","1","NaN","00:00:00","00:43:32","781","781"
Running,2024-07-04 08:41:33,false,"Winston-Salem Running","6.01","603","00:59:20","145","171","171","182","9:53","7:33","287","287","0.95","NaN","NaN","NaN","0.0","NaN","NaN","NaN","NaN","NaN","No","00:00:02.9","7","NaN","00:59:15","01:11:20","792","994"
Cardio,2024-07-03 08:13:00,false,"Cardio","0.00","243","00:40:10","113","163","--","--","--","--","--","--","NaN","NaN","NaN","NaN","0.0","NaN","NaN","NaN","NaN","NaN","No","00:40:10","1","NaN","00:00:00","00:40:10","757","757"
Running,2024-07-03 06:22:24,false,"Winston-Salem Running","6.50","535","00:54:11","147","184","175","196","8:20","5:36","69","73","1.10","NaN","NaN","NaN","0.0","NaN","NaN","NaN","NaN","NaN","No","00:05:09.3","7","NaN","00:52:58","01:29:46","747","784"
Walking,2024-07-02 17:15:16,false,"Winston-Salem Walking","3.60","368","01:12:53","103","124","93","244","20:14","13:11","280","248","0.86","NaN","NaN","NaN","0.0","NaN","NaN","NaN","NaN","NaN","No","00:13:23","4","NaN","01:07:35","01:25:06","742","945"
Running,2024-07-01 18:17:23,false,"Winston-Salem Running","4.05","408","00:41:01","143","161","173","182","10:07","9:08","272","240","0.92","NaN","NaN","NaN","0.0","NaN","NaN","NaN","NaN","NaN","No","00:00:30.0","5","NaN","00:40:45","00:43:27","751","973"
Cardio,2024-07-01 16:58:44,false,"Cardio","0.00","271","00:51:16","108","143","--","--","--","--","--","--","NaN","NaN","NaN","NaN","0.0","NaN","NaN","NaN","NaN","NaN","No","00:51:16","1","NaN","00:00:00","00:51:16","868","868"
Walking,2024-06-30 17:12:04,false,"Winston-Salem Walking","1.04","101","00:22:34","92","107","91","245","21:39","12:53","46","49","0.81","NaN","NaN","NaN","0.0","NaN","NaN","NaN","NaN","NaN","No","00:00:49.9","2","NaN","00:22:06","00:22:34","869","909"
Running,2024-06-29 07:17:58,false,"Athens Running","10.00","977","01:32:40","153","168","175","186","9:16","8:10","274","281","0.99","NaN","NaN","NaN","0.0","NaN","NaN","NaN","NaN","NaN","No","00:00:00.9","11","NaN","01:31:50","01:47:40","719","784"
Running,2024-06-28 07:19:52,false,"Winston-Salem Running","4.00","412","00:39:48","145","161","170","180","9:56","8:57","166","160","0.95","NaN","NaN","NaN","0.0","NaN","NaN","NaN","NaN","NaN","No","00:00:01.7","5","NaN","00:39:46","00:43:40","878","982"
Cardio,2024-06-27 15:15:06,false,"Cardio","0.00","207","00:34:06","113","138","--","--","--","--","--","--","NaN","NaN","NaN","NaN","0.0","NaN","NaN","NaN","NaN","NaN","No","00:34:06","1","NaN","00:00:00","00:34:06","--","--"
Running,2024-06-27 11:28:59,false,"Winston-Salem Running","6.74","687","01:03:34","149","164","170","219","9:26","7:49","156","158","1.00","NaN","NaN","NaN","0.0","NaN","NaN","NaN","NaN","NaN","No","00:07:12.5","7","NaN","01:03:27","01:13:50","721","778"
Cardio,2024-06-26 17:04:12,false,"Cardio","0.00","282","00:45:14","113","164","--","--","--","--","--","--","NaN","NaN","NaN","NaN","0.0","NaN","NaN","NaN","NaN","NaN","No","00:45:14","1","NaN","00:00:00","00:45:14","881","881"
Running,2024-06-26 05:55:56,false,"Winston-Salem Running","6.10","543","00:48:52","154","191","176","236","8:00","5:57","32","34","1.14","NaN","NaN","NaN","0.0","NaN","NaN","NaN","NaN","NaN","No","00:01:00.7","7","NaN","00:48:29","01:18:08","746","767"
Running,2024-06-24 18:14:48,false,"Winston-Salem Running","3.17","322","00:30:01","150","168","175","184","9:28","8:30","142","152","0.97","NaN","NaN","NaN","0.0","NaN","NaN","NaN","NaN","NaN","No","00:01:43.3","4","NaN","00:30:00","00:30:01","843","958"
Cardio,2024-06-24 07:21:54,false,"Cardio","0.00","310","00:47:24","119","159","--","--","--","--","--","--","NaN","NaN","NaN","NaN","0.0","NaN","NaN","NaN","NaN","NaN","No","00:47:24","1","NaN","00:00:00","00:47:24","916","916"
Cardio,2024-06-23 14:05:59,false,"Cardio","0.00","264","01:11:55","94","128","--","--","--","--","--","--","NaN","NaN","NaN","NaN","0.0","NaN","NaN","NaN","NaN","NaN","No","01:11:55","1","NaN","00:00:00","01:11:55","916","916"
Cardio,2024-06-21 14:40:26,false,"Cardio","0.00","192","00:40:28","103","136","--","--","--","--","--","--","NaN","NaN","NaN","NaN","0.0","NaN","NaN","NaN","NaN","NaN","No","00:40:28","1","NaN","00:00:00","00:40:28","--","--"
Running,2024-06-20 17:34:37,false,"Winston-Salem Running","4.21","434","00:39:10","155","173","174","182","9:19","7:51","298","276","0.99","NaN","NaN","NaN","0.0","NaN","NaN","NaN","NaN","NaN","No","00:01:58.8","5","NaN","00:38:59","01:00:51","751","957"
Cardio,2024-06-20 07:48:22,false,"Cardio","0.00","307","00:43:24","122","157","--","--","--","--","--","--","NaN","NaN","NaN","NaN","0.0","NaN","NaN","NaN","NaN","NaN","No","00:43:24","1","NaN","00:00:00","00:44:07","753","753"
Running,2024-06-19 06:10:33,false,"Winston-Salem Running","6.01","541","00:48:35","158","190","175","198","8:05","5:15","88","84","1.14","NaN","NaN","NaN","0.0","NaN","NaN","NaN","NaN","NaN","No","00:00:06.2","7","NaN","00:47:46","01:01:07","747","767"
Walking,2024-06-18 08:15:37,false,"Winston-Salem Walking","0.82","76","00:16:39","92","112","72","247","20:23","15:58","54","55","1.10","NaN","NaN","NaN","0.0","NaN","NaN","NaN","NaN","NaN","No","00:16:39","1","NaN","00:15:24","00:16:39","868","925"
Running,2024-06-17 18:16:25,false,"Winston-Salem Running","5.00","534","00:44:52","165","185","175","182","8:58","7:55","279","283","1.03","NaN","NaN","NaN","0.0","NaN","NaN","NaN","NaN","NaN","No","00:00:01.0","6","NaN","00:44:42","00:45:40","742","971"
Cardio,2024-06-17 17:05:24,false,"Cardio","0.00","329","00:52:40","118","154","--","--","--","--","--","--","NaN","NaN","NaN","NaN","0.0","NaN","NaN","NaN","NaN","NaN","No","00:52:40","1","NaN","00:00:00","00:52:40","--","--"
Running,2024-06-16 08:05:50,false,"Winston-Salem Running","4.01","390","00:36:47","152","169","176","184","9:11","8:09","111","110","1.00","NaN","NaN","NaN","0.0","NaN","NaN","NaN","NaN","NaN","No","00:00:07.3","5","NaN","00:36:39","00:38:30","720","778"
Running,2024-06-15 08:34:23,false,"Winston-Salem Running","5.01","529","00:43:36","169","185","178","184","8:42","7:42","259","277","1.04","NaN","NaN","NaN","0.0","NaN","NaN","NaN","NaN","NaN","No","00:00:06.4","6","NaN","00:43:27","00:53:13","725","974"
Running,2024-06-15 07:04:36,false,"Winston-Salem Running","7.00","743","01:05:35","159","177","175","184","9:22","8:36","290","291","0.98","NaN","NaN","NaN","0.0","NaN","NaN","NaN","NaN","NaN","No","00:00:01.2","8","NaN","01:05:25","01:12:44","742","900"
Cardio,2024-06-14 07:29:26,false,"Cardio","0.00","201","00:36:04","110","141","--","--","--","--","--","--","NaN","NaN","NaN","NaN","0.0","NaN","NaN","NaN","NaN","NaN","No","00:36:04","1","NaN","00:00:00","00:36:04","--","--"
Running,2024-06-13 17:34:10,false,"Winston-Salem Running","4.21","420","00:38:28","154","183","174","226","9:08","7:06","307","287","1.01","NaN","NaN","NaN","0.0","NaN","NaN","NaN","NaN","NaN","No","00:01:42.6","5","NaN","00:38:21","01:02:27","751","957"
Cardio,2024-06-13 16:34:11,false,"Cardio","0.00","296","00:45:19","119","157","--","--","--","--","--","--","NaN","NaN","NaN","NaN","0.0","NaN","NaN","NaN","NaN","NaN","No","00:45:19","1","NaN","00:00:00","00:45:19","--","--"
Running,2024-06-12 18:05:18,false,"Winston-Salem Running","7.02","713","01:03:01","161","191","169","196","8:59","5:09","185","183","1.06","NaN","NaN","NaN","0.0","NaN","NaN","NaN","NaN","NaN","No","00:00:11.3","8","NaN","01:01:46","01:12:02","742","839"
Running,2024-06-10 18:15:50,false,"Winston-Salem Running","3.01","294","00:28:33","146","162","170","178","9:29","7:37","113","118","1.00","NaN","NaN","NaN","0.0","NaN","NaN","NaN","NaN","NaN","No","00:00:06.2","4","NaN","00:28:23","00:30:00","853","961"
Cardio,2024-06-10 07:09:47,false,"Cardio","0.00","319","00:55:27","113","154","--","--","--","--","--","--","NaN","NaN","NaN","NaN","0.0","NaN","NaN","NaN","NaN","NaN","No","00:55:27","1","NaN","00:00:00","00:55:31","905","905"
Running,2024-06-09 15:59:19,false,"Winston-Salem Running","1.01","97","00:10:05","138","153","171","180","9:58","9:25","63","34","0.94","NaN","NaN","NaN","0.0","NaN","NaN","NaN","NaN","NaN","No","00:00:09.1","2","NaN","00:10:05","00:13:27","887","928"
Running,2024-06-09 13:14:22,false,"Winston-Salem Running","5.01","434","00:49:01","139","155","171","190","9:47","6:22","188","197","0.96","NaN","NaN","NaN","0.0","NaN","NaN","NaN","NaN","NaN","No","00:00:08.3","6","NaN","00:48:47","00:55:16","720","778"
Running,2024-06-08 07:34:48,false,"Winston-Salem Running","10.01","1,061","01:28:31","167","190","176","184","8:51","7:33","537","447","1.04","NaN","NaN","NaN","0.0","NaN","NaN","NaN","NaN","NaN","No","00:00:06.4","11","NaN","01:28:05","01:43:35","742","972"
Cardio,2024-06-07 16:18:29,false,"Cardio","0.00","223","00:33:19","119","153","--","--","--","--","--","--","NaN","NaN","NaN","NaN","0.0","NaN","NaN","NaN","NaN","NaN","No","00:33:19","1","NaN","00:00:00","00:33:19","803","805"
Running,2024-06-07 15:54:54,false,"Winston-Salem Running","2.06","193","00:19:24","142","153","170","180","9:26","8:13","64","65","1.01","NaN","NaN","NaN","0.0","NaN","NaN","NaN","NaN","NaN","No","00:00:32.3","3","NaN","00:19:08","00:21:07","796","859"
Running,2024-06-06 18:07:23,false,"Winston-Salem Running","3.27","346","00:27:36","172","193","177","184","8:26","1:18","205","225","1.08","NaN","NaN","NaN","0.0","NaN","NaN","NaN","NaN","NaN","No","00:02:06.6","4","NaN","00:27:29","00:27:41","751","955"
Running,2024-06-06 17:12:11,false,"Winston-Salem Running","2.64","249","00:26:45","138","152","169","180","10:09","8:39","117","115","0.94","NaN","NaN","NaN","0.0","NaN","NaN","NaN","NaN","NaN","No","00:06:25.9","3","NaN","00:26:36","00:30:03","730","794"
Running,2024-06-05 19:12:40,false,"Winston-Salem Running","1.04","102","00:09:53.1","145","161","173","184","9:33","8:39","--","--","0.97","NaN","NaN","NaN","0.0","NaN","NaN","NaN","NaN","NaN","No","00:00:19.3","2","NaN","00:09:47","00:10:31","726","745"
Cardio,2024-06-05 07:33:38,false,"Cardio","0.00","363","00:58:18","117","156","--","--","--","--","--","--","NaN","NaN","NaN","NaN","0.0","NaN","NaN","NaN","NaN","NaN","No","00:58:18","1","NaN","00:00:00","00:58:18","--","--"
Running,2024-06-04 07:00:42,false,"Winston-Salem Running","5.02","407","00:42:59","148","178","171","200","8:34","6:02","86","79","1.10","NaN","NaN","NaN","0.0","NaN","NaN","NaN","NaN","NaN","No","00:00:10.1","6","NaN","00:42:04","01:12:06","747","773"
Running,2024-06-02 14:50:00,false,"Winston-Salem Running","4.01","347","00:38:11","141","158","169","188","9:31","6:24","135","142","1.00","NaN","NaN","NaN","0.0","NaN","NaN","NaN","NaN","NaN","No","00:00:07.3","5","NaN","00:37:56","00:48:59","719","778"
Running,2024-06-01 06:40:25,false,"Winston-Salem Running","14.00","1,406","02:08:40","162","189","174","188","9:11","7:49","920","902","1.00","NaN","NaN","NaN","0.0","NaN","NaN","NaN","NaN","NaN","No","00:00:02.0","15","NaN","02:08:06","02:39:02","742","972"
Cardio,2024-05-31 09:34:30,false,"Cardio","0.00","125","00:21:14","112","145","--","--","--","--","--","--","NaN","NaN","NaN","NaN","0.0","NaN","NaN","NaN","NaN","NaN","No","00:21:14","1","NaN","00:00:00","00:21:14","812","812"
Running,2024-05-31 08:44:15,false,"Winston-Salem Running","4.01","387","00:40:29","143","159","167","178","10:06","8:44","206","205","0.95","NaN","NaN","NaN","0.0","NaN","NaN","NaN","NaN","NaN","No","00:00:04.0","5","NaN","00:39:34","00:43:45","785","907"
Running,2024-05-30 17:37:58,false,"Winston-Salem Running","5.02","500","00:44:05","162","179","174","190","8:47","6:25","316","321","1.05","NaN","NaN","NaN","0.0","NaN","NaN","NaN","NaN","NaN","No","00:00:08.9","6","NaN","00:43:49","00:58:19","752","957"
Cardio,2024-05-30 07:40:01,false,"Cardio","0.00","289","00:48:11","116","149","--","--","--","--","--","--","NaN","NaN","NaN","NaN","0.0","NaN","NaN","NaN","NaN","NaN","No","00:48:11","1","NaN","00:00:00","00:48:11","--","--"
Walking,2024-05-29 08:05:42,false,"Winston-Salem Walking","1.02","101","00:21:44","89","102","63","137","21:15","15:03","46","37","1.21","NaN","NaN","NaN","0.0","NaN","NaN","NaN","NaN","NaN","No","00:00:25.6","2","NaN","00:19:38","00:21:56","883","927"
Running,2024-05-28 07:37:35,false,"Winston-Salem Running","5.01","418","00:42:36","147","171","172","196","8:30","6:14","30","127","1.10","NaN","NaN","NaN","0.0","NaN","NaN","NaN","NaN","NaN","No","00:00:06.2","6","NaN","00:41:54","01:12:32","747","858"
Walking,2024-05-27 13:28:06,false,"Winston-Salem Walking","1.14","121","00:25:47","102","118","83","125","22:39","17:58","78","81","0.85","NaN","NaN","NaN","0.0","NaN","NaN","NaN","NaN","NaN","No","00:03:51.1","2","NaN","00:23:41","00:25:47","785","872"
Cardio,2024-05-27 11:09:13,false,"Cardio","0.00","327","01:01:31","112","142","--","--","--","--","--","--","NaN","NaN","NaN","NaN","0.0","NaN","NaN","NaN","NaN","NaN","No","00:24:37","2","NaN","00:00:00","01:01:31","886","886"
Running,2024-05-25 07:07:15,false,"Winston-Salem Running","10.01","1,016","01:31:20","159","190","172","184","9:08","7:39","517","517","1.02","NaN","NaN","NaN","0.0","NaN","NaN","NaN","NaN","NaN","No","00:00:05.1","11","NaN","01:31:03","01:56:32","742","958"
Running,2024-05-24 11:02:07,false,"Winston-Salem Running","5.01","481","00:49:34","144","169","169","241","9:54","8:47","232","247","0.96","NaN","NaN","NaN","0.0","NaN","NaN","NaN","NaN","NaN","No","00:00:05.9","6","NaN","00:49:13","00:55:24","822","944"
Cardio,2024-05-23 07:22:35,false,"Cardio","0.00","304","00:50:38","117","153","--","--","--","--","--","--","NaN","NaN","NaN","NaN","0.0","NaN","NaN","NaN","NaN","NaN","No","00:50:38","1","NaN","00:00:00","00:50:38","--","--"
Running,2024-05-22 10:24:17,false,"Winston-Salem Running","5.00","517","00:44:21","162","179","172","182","8:52","7:25","187","171","1.06","NaN","NaN","NaN","0.0","NaN","NaN","NaN","NaN","NaN","No","00:00:01.3","6","NaN","00:44:16","00:49:17","874","983"
Cardio,2024-05-21 17:28:49,false,"Cardio","0.00","250","00:48:53","109","142","--","--","--","--","--","--","NaN","NaN","NaN","NaN","0.0","NaN","NaN","NaN","NaN","NaN","No","00:48:53","1","NaN","00:00:00","00:48:53","--","--"
Running,2024-05-21 07:00:49,false,"Winston-Salem Running","3.10","319","00:29:40","150","165","171","184","9:33","8:39","197","195","0.98","NaN","NaN","NaN","0.0","NaN","NaN","NaN","NaN","NaN","No","00:00:58.8","4","NaN","00:29:29","00:31:05","797","926"
Cardio,2024-05-18 08:02:49,false,"Cardio","0.00","165","00:33:14","104","127","--","--","--","--","--","--","NaN","NaN","NaN","NaN","0.0","NaN","NaN","NaN","NaN","NaN","No","00:33:14","1","NaN","00:00:00","00:33:14","--","--"
Running,2024-05-16 17:41:03,false,"Winston-Salem Running","4.30","427","00:38:54","154","172","174","188","9:03","7:58","280","243","1.02","NaN","NaN","NaN","0.0","NaN","NaN","NaN","NaN","NaN","No","00:02:50.2","5","NaN","00:38:41","00:55:48","751","955"
Cardio,2024-05-16 06:58:02,false,"Cardio","0.00","269","00:55:06","108","141","--","--","--","--","--","--","NaN","NaN","NaN","NaN","0.0","NaN","NaN","NaN","NaN","NaN","No","00:55:06","1","NaN","00:00:00","00:56:06","--","--"
Running,2024-05-15 07:00:47,false,"Winston-Salem Running","6.01","583","00:57:15","150","180","170","180","9:32","8:10","297","394","0.99","NaN","NaN","NaN","0.0","NaN","NaN","NaN","NaN","NaN","No","00:00:06.5","7","NaN","00:56:57","01:01:43","790","972"
Running,2024-05-13 18:13:43,false,"Winston-Salem Running","3.32","353","00:28:52","167","184","172","180","8:42","7:25","171","147","1.08","NaN","NaN","NaN","0.0","NaN","NaN","NaN","NaN","NaN","No","00:02:50.8","4","NaN","00:28:39","00:29:23","812","972"
Cardio,2024-05-13 17:14:28,false,"Cardio","0.00","305","00:45:48","120","158","--","--","--","--","--","--","NaN","NaN","NaN","NaN","0.0","NaN","NaN","NaN","NaN","NaN","No","00:45:48","1","NaN","00:00:00","00:45:48","--","--"
Running,2024-05-11 08:13:50,false,"Atlantic Beach Running","6.01","560","00:49:40","159","194","174","188","8:16","6:37","6","6","1.12","NaN","NaN","NaN","0.0","NaN","NaN","NaN","NaN","NaN","No","00:00:03.9","7","NaN","00:49:04","01:00:11","4","17"
Cardio,2024-05-10 06:55:59,false,"Cardio","0.00","248","01:04:13","96","135","--","--","--","--","--","--","NaN","NaN","NaN","NaN","0.0","NaN","NaN","NaN","NaN","NaN","No","01:04:13","1","NaN","00:00:00","01:04:13","--","--"
Running,2024-05-09 17:31:08,false,"Winston-Salem Running","5.11","493","00:45:48","153","169","174","194","8:58","7:50","342","324","1.03","NaN","NaN","NaN","0.0","NaN","NaN","NaN","NaN","NaN","No","00:00:59.3","6","NaN","00:45:33","01:05:28","751","956"
Running,2024-05-08 06:51:08,false,"Winston-Salem Running","7.01","691","01:05:42","154","172","171","182","9:22","8:19","312","311","1.01","NaN","NaN","NaN","0.0","NaN","NaN","NaN","NaN","NaN","No","00:00:06.2","8","NaN","01:05:08","01:15:52","792","983"
Cardio,2024-05-07 16:54:23,false,"Cardio","0.00","445","01:02:08","130","177","--","--","--","--","--","--","NaN","NaN","NaN","NaN","0.0","NaN","NaN","NaN","NaN","NaN","No","01:02:08","1","NaN","00:00:00","01:02:08","--","--"
Running,2024-05-06 18:14:17,false,"Winston-Salem Running","3.03","313","00:26:59","160","178","176","184","8:55","8:09","233","156","1.02","NaN","NaN","NaN","0.0","NaN","NaN","NaN","NaN","NaN","No","00:00:16.4","4","NaN","00:26:58","00:26:59","844","958"
Cardio,2024-05-06 17:12:44,false,"Cardio","0.00","280","00:46:04","117","158","--","--","--","--","--","--","NaN","NaN","NaN","NaN","0.0","NaN","NaN","NaN","NaN","NaN","No","00:46:04","1","NaN","00:00:00","00:46:04","876","876"
Running,2024-05-05 16:20:05,false,"Winston-Salem Running","0.40","40","00:04:02.8","143","156","171","178","10:01","8:30","--","17","0.94","NaN","NaN","NaN","0.0","NaN","NaN","NaN","NaN","NaN","No","00:04:02.8","1","NaN","00:03:59","00:04:04.0","869","893"
Running,2024-05-05 14:10:47,false,"Winston-Salem Running","10.03","1,060","01:27:45","167","192","175","188","8:45","7:22","286","259","1.05","NaN","NaN","NaN","0.0","NaN","NaN","NaN","NaN","NaN","No","00:00:15.3","11","NaN","01:27:20","01:33:40","720","781"
Cardio,2024-05-03 17:37:39,false,"Cardio","0.00","163","00:30:13","109","136","--","--","--","--","--","--","NaN","NaN","NaN","NaN","0.0","NaN","NaN","NaN","NaN","NaN","No","00:30:13","1","NaN","00:00:00","00:30:13","812","812"
Running,2024-05-03 16:55:43,false,"Winston-Salem Running","3.15","290","00:30:21","143","163","166","177","9:39","8:10","190","195","1.01","NaN","NaN","NaN","0.0","NaN","NaN","NaN","NaN","NaN","No","00:01:26.1","4","NaN","00:29:49","00:36:34","798","961"
Cardio,2024-05-02 07:26:38,false,"Cardio","0.00","286","00:50:52","112","154","--","--","--","--","--","--","NaN","NaN","NaN","NaN","0.0","NaN","NaN","NaN","NaN","NaN","No","00:50:52","1","NaN","00:00:00","00:50:52","916","916"
Running,2024-05-01 06:51:50,false,"Winston-Salem Running","7.23","726","01:06:03","158","177","175","188","9:08","6:06","696","717","1.01","NaN","NaN","NaN","0.0","NaN","NaN","NaN","NaN","NaN","No","00:01:50.7","8","NaN","01:05:42","01:10:24","797","1,160"
Running,2024-04-30 17:38:41,false,"Winston-Salem Running","6.23","598","00:55:07","157","192","170","188","8:51","5:41","42","52","1.07","NaN","NaN","NaN","0.0","NaN","NaN","NaN","NaN","NaN","No","00:02:22.0","7","NaN","00:54:28","01:04:41","742","772"
Running,2024-04-29 18:15:34,false,"Winston-Salem Running","3.02","278","00:28:29","141","165","173","198","9:26","8:24","177","178","0.99","NaN","NaN","NaN","0.0","NaN","NaN","NaN","NaN","NaN","No","00:00:12.7","4","NaN","00:28:22","00:28:45","844","958"
Cardio,2024-04-29 17:13:30,false,"Cardio","0.00","202","00:38:23","110","137","--","--","--","--","--","--","NaN","NaN","NaN","NaN","0.0","NaN","NaN","NaN","NaN","NaN","No","00:38:23","1","NaN","00:00:00","00:38:23","3,060","3,060"
Walking,2024-04-28 10:25:54,false,"Watauga County Walking","2.15","218","00:45:53","103","122","87","248","21:20","10:16","243","235","0.87","NaN","NaN","NaN","0.0","NaN","NaN","NaN","NaN","NaN","No","00:03:18.0","3","NaN","00:43:55","00:47:50","2,962","3,085"
Running,2024-04-27 08:12:42,false,"Watauga County Running","8.01","689","01:08:23","151","181","172","244","8:32","6:43","533","539","1.09","NaN","NaN","NaN","0.0","NaN","NaN","NaN","NaN","NaN","No","00:00:06.4","9","NaN","01:07:57","01:22:25","2,929","3,085"
Cardio,2024-04-26 08:45:13,false,"Cardio","0.00","162","00:25:45","116","142","--","--","--","--","--","--","NaN","NaN","NaN","NaN","0.0","NaN","NaN","NaN","NaN","NaN","No","00:25:45","1","NaN","00:00:00","00:25:45","785","785"
Running,2024-04-26 08:05:08,false,"Winston-Salem Running","3.01","306","00:29:04","151","168","172","244","9:40","6:44","94","113","0.97","NaN","NaN","NaN","0.0","NaN","NaN","NaN","NaN","NaN","No","00:00:06.2","4","NaN","00:28:56","00:30:31","785","858"
Cardio,2024-04-25 07:12:03,false,"Cardio","0.00","321","00:55:11","117","147","--","--","--","--","--","--","NaN","NaN","NaN","NaN","0.0","NaN","NaN","NaN","NaN","NaN","No","00:55:11","1","NaN","00:00:00","00:55:11","--","--"
Running,2024-04-24 06:49:11,false,"Winston-Salem Running","6.53","680","01:01:06","161","179","174","190","9:21","7:08","767","816","0.99","NaN","NaN","NaN","0.0","NaN","NaN","NaN","NaN","NaN","No","00:05:02.4","7","NaN","01:00:55","01:03:56","797","1,144"
Running,2024-04-22 18:16:50,false,"Winston-Salem Running","3.01","326","00:29:20","156","176","171","188","9:45","8:04","156","166","0.96","NaN","NaN","NaN","0.0","NaN","NaN","NaN","NaN","NaN","No","00:00:07.6","4","NaN","00:29:09","00:30:40","845","958"
Cardio,2024-04-22 17:05:10,false,"Cardio","0.00","277","00:53:34","108","139","--","--","--","--","--","--","NaN","NaN","NaN","NaN","0.0","NaN","NaN","NaN","NaN","NaN","No","00:53:34","1","NaN","00:00:00","00:53:34","--","--"
Cardio,2024-04-21 14:12:36,false,"Cardio","0.00","225","01:02:16","93","125","--","--","--","--","--","--","NaN","NaN","NaN","NaN","0.0","NaN","NaN","NaN","NaN","NaN","No","01:02:16","1","NaN","00:00:00","01:02:16","1,038","1,038"
Running,2024-04-20 08:30:15,false,"Winston-Salem Running","13.05","1,424","01:53:36","174","188","175","193","8:42","6:05","703","709","1.06","NaN","NaN","NaN","0.0","NaN","NaN","NaN","NaN","NaN","No","00:00:18.4","14","NaN","01:53:24","01:53:36","742","964"
Running,2024-04-20 07:55:20,false,"Winston-Salem Running","0.95","110","00:09:52.9","156","174","172","182","10:23","8:14","19","29","0.90","NaN","NaN","NaN","0.0","NaN","NaN","NaN","NaN","NaN","No","00:09:52.9","1","NaN","00:09:46","00:10:04","942","968"
Running,2024-04-18 17:48:59,false,"Winston-Salem Running","4.14","427","00:40:32","149","168","171","180","9:47","8:44","284","267","0.96","NaN","NaN","NaN","0.0","NaN","NaN","NaN","NaN","NaN","No","00:01:17.2","5","NaN","00:40:22","00:48:12","751","957"
Cardio,2024-04-18 07:20:57,false,"Cardio","0.00","276","00:48:51","114","137","--","--","--","--","--","--","NaN","NaN","NaN","NaN","0.0","NaN","NaN","NaN","NaN","NaN","No","00:48:51","1","NaN","00:00:00","00:48:51","926","926"
Walking,2024-04-17 15:04:06,false,"Winston-Salem Walking","0.97","94","00:22:18","94","114","90","229","23:05","18:19","64","74","0.78","NaN","NaN","NaN","0.0","NaN","NaN","NaN","NaN","NaN","No","00:22:18","1","NaN","00:21:15","00:23:34","833","909"
Running,2024-04-16 17:46:49,false,"Winston-Salem Running","6.35","553","00:51:07","157","192","174","196","8:03","5:29","129","365","1.15","NaN","NaN","NaN","0.0","NaN","NaN","NaN","NaN","NaN","No","00:03:17.0","7","NaN","00:50:36","01:14:16","745","987"
Running,2024-04-15 18:15:21,false,"Winston-Salem Running","3.01","304","00:29:52","147","167","171","180","9:56","8:47","153","155","0.95","NaN","NaN","NaN","0.0","NaN","NaN","NaN","NaN","NaN","No","00:00:06.6","4","NaN","00:29:42","00:30:32","844","958"
Cardio,2024-04-15 16:53:53,false,"Cardio","0.00","315","00:54:11","115","155","--","--","--","--","--","--","NaN","NaN","NaN","NaN","0.0","NaN","NaN","NaN","NaN","NaN","No","00:54:11","1","NaN","00:00:00","00:54:11","864","864"
Walking,2024-04-14 17:23:16,false,"Winston-Salem Walking","1.45","156","00:39:12","90","105","78","241","27:06","11:03","96","91","0.76","NaN","NaN","NaN","0.0","NaN","NaN","NaN","NaN","NaN","No","00:11:50","2","NaN","00:32:43","00:39:12","846","935"
Running,2024-04-14 14:27:49,false,"Winston-Salem Running","6.26","623","00:55:33","160","181","172","182","8:53","6:59","166","173","1.06","NaN","NaN","NaN","0.0","NaN","NaN","NaN","NaN","NaN","No","00:02:35.7","7","NaN","00:55:14","01:07:23","719","780"
Running,2024-04-13 07:05:13,false,"Winston-Salem Running","10.32","1,111","01:34:35","165","185","176","188","9:10","8:04","419","423","1.00","NaN","NaN","NaN","0.0","NaN","NaN","NaN","NaN","NaN","No","00:03:09.3","11","NaN","01:34:02","01:57:22","742","955"
Cardio,2024-04-12 17:46:29,false,"Cardio","0.00","269","00:41:25","118","147","--","--","--","--","--","--","NaN","NaN","NaN","NaN","0.0","NaN","NaN","NaN","NaN","NaN","No","00:41:25","1","NaN","00:00:00","00:41:25","988","988"
Running,2024-04-12 17:04:44,false,"Winston-Salem Running","3.45","351","00:31:23","154","166","174","188","9:06","7:02","128","104","1.02","NaN","NaN","NaN","0.0","NaN","NaN","NaN","NaN","NaN","No","00:04:11.7","4","NaN","00:31:17","00:32:26","900","980"
Walking,2024-04-11 18:01:43,false,"Winston-Salem Walking","1.30","135","00:30:32","94","110","89","248","23:32","12:50","65","71","0.77","NaN","NaN","NaN","0.0","NaN","NaN","NaN","NaN","NaN","No","00:09:26.5","2","NaN","00:25:27","00:39:58","853","900"
Running,2024-04-11 07:17:44,false,"Winston-Salem Running","5.01","462","00:42:33","154","184","176","200","8:30","6:25","60","58","1.07","NaN","NaN","NaN","0.0","NaN","NaN","NaN","NaN","NaN","No","00:00:04.0","6","NaN","00:42:03","01:02:49","747","773"
Cardio,2024-04-10 07:31:02,false,"Cardio","0.00","330","00:56:31","113","148","--","--","--","--","--","--","NaN","NaN","NaN","NaN","0.0","NaN","NaN","NaN","NaN","NaN","No","00:56:31","1","NaN","00:00:00","00:56:31","939","939"
Running,2024-04-08 18:14:52,false,"Winston-Salem Running","3.01","340","00:27:20","164","176","174","188","9:05","7:37","148","152","1.02","NaN","NaN","NaN","0.0","NaN","NaN","NaN","NaN","NaN","No","00:00:05.3","4","NaN","00:27:12","00:27:33","846","958"
Running,2024-04-07 07:35:23,false,"Washington Running","10.00","710","01:21:56","141","166","179","193","8:12","5:45","212","209","1.10","NaN","NaN","NaN","0.0","NaN","NaN","NaN","NaN","NaN","No","00:00:01.3","11","NaN","01:21:41","01:22:23","-54","67"
Cardio,2024-04-05 12:38:49,false,"Cardio","0.00","264","00:47:02","112","138","--","--","--","--","--","--","NaN","NaN","NaN","NaN","0.0","NaN","NaN","NaN","NaN","NaN","No","00:47:02","1","NaN","00:00:00","00:47:02","789","789"
Running,2024-04-05 12:00:07,false,"Winston-Salem Running","3.05","293","00:29:45","144","159","172","182","9:46","8:46","81","99","0.96","NaN","NaN","NaN","0.0","NaN","NaN","NaN","NaN","NaN","No","00:00:27.6","4","NaN","00:29:33","00:34:00","785","858"
Running,2024-04-04 18:04:40,false,"Winston-Salem Running","3.11","312","00:28:13","154","175","177","191","9:04","6:46","218","191","1.00","NaN","NaN","NaN","0.0","NaN","NaN","NaN","NaN","NaN","No","00:00:52.4","4","NaN","00:28:07","00:29:38","750","955"
Running,2024-04-04 07:11:46,false,"Winston-Salem Running","4.50","348","00:36:30","145","168","174","202","8:06","5:06","61","63","1.14","NaN","NaN","NaN","0.0","NaN","NaN","NaN","NaN","NaN","No","00:04:52.7","5","NaN","00:35:54","01:00:25","746","773"
Cardio,2024-04-03 06:46:40,false,"Cardio","0.00","347","01:02:06","113","154","--","--","--","--","--","--","NaN","NaN","NaN","NaN","0.0","NaN","NaN","NaN","NaN","NaN","No","01:02:06","1","NaN","00:00:00","01:02:06","--","--"
Running,2024-04-01 18:15:26,false,"Winston-Salem Running","3.24","318","00:30:09","150","169","175","184","9:18","7:32","184","187","0.99","NaN","NaN","NaN","0.0","NaN","NaN","NaN","NaN","NaN","No","00:02:13.6","4","NaN","00:30:07","00:30:09","845","958"
Cardio,2024-04-01 17:04:58,false,"Cardio","0.00","301","00:56:23","110","144","--","--","--","--","--","--","NaN","NaN","NaN","NaN","0.0","NaN","NaN","NaN","NaN","NaN","No","00:56:23","1","NaN","00:00:00","00:56:46","867","867"
Running,2024-03-31 07:52:52,false,"Winston-Salem Running","9.20","889","01:22:07","157","174","173","184","8:55","7:32","364","304","1.04","NaN","NaN","NaN","0.0","NaN","NaN","NaN","NaN","NaN","No","00:01:39.4","10","NaN","01:21:41","01:33:16","841","983"
Running,2024-03-30 08:10:08,false,"Winston-Salem Running","5.06","511","00:46:46","155","171","174","182","9:14","7:45","316","325","1.00","NaN","NaN","NaN","0.0","NaN","NaN","NaN","NaN","NaN","No","00:00:34.6","6","NaN","00:46:37","00:52:51","751","955"
Cardio,2024-03-29 16:30:29,false,"Cardio","0.00","296","00:48:18","117","153","--","--","--","--","--","--","NaN","NaN","NaN","NaN","0.0","NaN","NaN","NaN","NaN","NaN","No","00:48:18","1","NaN","00:00:00","00:48:18","801","801"
Running,2024-03-29 15:40:14,false,"Winston-Salem Running","4.05","385","00:36:44","150","168","168","177","9:04","7:55","87","102","1.05","NaN","NaN","NaN","0.0","NaN","NaN","NaN","NaN","NaN","No","00:00:25.5","5","NaN","00:36:21","00:41:11","785","862"
Running,2024-03-28 17:41:04,false,"Winston-Salem Running","5.16","453","00:44:18","151","176","174","200","8:35","7:04","356","336","1.08","NaN","NaN","NaN","0.0","NaN","NaN","NaN","NaN","NaN","No","00:01:19.9","6","NaN","00:44:03","00:56:50","752","958"
Cardio,2024-03-27 07:24:11,false,"Cardio","0.00","299","00:55:08","112","145","--","--","--","--","--","--","NaN","NaN","NaN","NaN","0.0","NaN","NaN","NaN","NaN","NaN","No","00:55:08","1","NaN","00:00:00","00:55:08","--","--"
Running,2024-03-25 18:18:16,false,"Winston-Salem Running","3.41","336","00:33:28","146","161","174","184","9:50","8:14","226","198","0.94","NaN","NaN","NaN","0.0","NaN","NaN","NaN","NaN","NaN","No","00:03:54.0","4","NaN","00:33:27","00:33:34","811","973"
Cardio,2024-03-25 17:04:59,false,"Cardio","0.00","299","00:53:55","114","146","--","--","--","--","--","--","NaN","NaN","NaN","NaN","0.0","NaN","NaN","NaN","NaN","NaN","No","00:53:55","1","NaN","00:00:00","00:53:55","--","--"
Running,2024-03-24 08:17:34,false,"Winston-Salem Running","5.26","507","00:48:41","152","165","173","186","9:16","8:06","249","243","1.01","NaN","NaN","NaN","0.0","NaN","NaN","NaN","NaN","NaN","No","00:02:22.6","6","NaN","00:48:20","00:54:34","796","972"
Running,2024-03-23 08:36:12,false,"Winston-Salem Running","3.15","336","00:29:03","164","177","175","186","9:14","5:26","195","202","1.00","NaN","NaN","NaN","0.0","NaN","NaN","NaN","NaN","NaN","No","00:01:26.1","4","NaN","00:29:03","00:29:07","751","955"
Cardio,2024-03-22 11:19:23,false,"Cardio","0.00","280","00:57:31","107","136","--","--","--","--","--","--","NaN","NaN","NaN","NaN","0.0","NaN","NaN","NaN","NaN","NaN","No","00:57:31","1","NaN","00:00:00","00:57:31","194","194"
Running,2024-03-21 06:56:09,false,"Washington Running","5.04","432","00:44:39","146","166","173","236","8:51","7:27","822","833","1.05","NaN","NaN","NaN","0.0","NaN","NaN","NaN","NaN","NaN","No","00:00:21.7","6","NaN","00:43:39","00:56:09","7","375"
Running,2024-03-20 07:32:41,false,"Washington Running","5.25","492","00:52:10","148","171","158","188","9:56","7:50","20","24","1.03","NaN","NaN","NaN","0.0","NaN","NaN","NaN","NaN","NaN","No","00:02:30.1","6","NaN","00:47:53","01:08:11","3","24"
Running,2024-03-18 18:15:04,false,"Winston-Salem Running","3.02","316","00:30:10","151","167","173","184","10:00","7:20","134","133","0.93","NaN","NaN","NaN","0.0","NaN","NaN","NaN","NaN","NaN","No","00:00:13.9","4","NaN","00:29:49","00:30:58","853","958"
Cardio,2024-03-18 16:56:45,false,"Cardio","0.00","343","01:00:19","116","160","--","--","--","--","--","--","NaN","NaN","NaN","NaN","0.0","NaN","NaN","NaN","NaN","NaN","No","01:00:19","1","NaN","00:00:00","01:00:19","--","--"
Running,2024-03-17 13:30:23,false,"Winston-Salem Running","11.64","1,204","01:40:16","168","188","175","188","8:37","6:22","211","212","1.07","NaN","NaN","NaN","0.0","NaN","NaN","NaN","NaN","NaN","No","00:05:32.1","12","NaN","01:39:57","01:51:53","720","771"
Running,2024-03-16 08:34:51,false,"Winston-Salem Running","3.18","312","00:28:05","157","165","177","188","8:50","8:10","207","217","1.03","NaN","NaN","NaN","0.0","NaN","NaN","NaN","NaN","NaN","No","00:01:43.0","4","NaN","00:28:03","00:28:09","752","957"
Cardio,2024-03-15 12:06:09,false,"Cardio","0.00","384","01:13:19","113","142","--","--","--","--","--","--","NaN","NaN","NaN","NaN","0.0","NaN","NaN","NaN","NaN","NaN","No","01:13:19","1","NaN","00:00:00","01:13:19","--","--"
Running,2024-03-14 18:03:48,false,"Winston-Salem Running","3.19","318","00:30:18","150","165","172","184","9:29","8:27","224","221","0.99","NaN","NaN","NaN","0.0","NaN","NaN","NaN","NaN","NaN","No","00:01:45.5","4","NaN","00:30:15","00:30:30","751","957"
Running,2024-03-14 07:30:10,false,"Winston-Salem Running","4.20","412","00:35:08","166","184","170","190","8:21","5:22","51","44","1.14","NaN","NaN","NaN","0.0","NaN","NaN","NaN","NaN","NaN","No","00:01:51.1","5","NaN","00:34:47","00:40:47","747","774"
Cardio,2024-03-13 06:42:49,false,"Cardio","0.00","361","01:01:56","117","154","--","--","--","--","--","--","NaN","NaN","NaN","NaN","0.0","NaN","NaN","NaN","NaN","NaN","No","01:01:56","1","NaN","00:00:00","01:01:56","--","--"
Cardio,2024-03-10 14:09:09,false,"Cardio","0.00","291","01:12:32","99","130","--","--","--","--","--","--","NaN","NaN","NaN","NaN","0.0","NaN","NaN","NaN","NaN","NaN","No","01:12:32","1","NaN","00:00:00","01:12:32","--","--"
Running,2024-03-10 09:47:19,false,"Winston-Salem Running","6.30","647","00:56:57","161","176","175","190","9:02","7:45","235","218","1.02","NaN","NaN","NaN","0.0","NaN","NaN","NaN","NaN","NaN","No","00:02:43.6","7","NaN","00:56:53","01:00:19","899","984"
Cardio,2024-03-08 16:13:20,false,"Cardio","0.00","322","00:50:55","118","148","--","--","--","--","--","--","NaN","NaN","NaN","NaN","0.0","NaN","NaN","NaN","NaN","NaN","No","00:50:55","1","NaN","00:00:00","00:50:55","736","736"
Running,2024-03-08 15:47:03,false,"Winston-Salem Running","2.01","204","00:18:26","156","173","169","176","9:10","7:27","74","69","1.04","NaN","NaN","NaN","0.0","NaN","NaN","NaN","NaN","NaN","No","00:00:06.2","3","NaN","00:18:19","00:18:35","781","840"
Running,2024-03-07 07:17:57,false,"Winston-Salem Running","5.01","412","00:39:22","155","193","175","194","7:52","6:07","70","83","1.17","NaN","NaN","NaN","0.0","NaN","NaN","NaN","NaN","NaN","No","00:00:06.0","6","NaN","00:38:30","01:02:51","746","767"
Cardio,2024-03-06 07:23:01,false,"Cardio","0.00","317","00:58:11","112","152","--","--","--","--","--","--","NaN","NaN","NaN","NaN","0.0","NaN","NaN","NaN","NaN","NaN","No","00:58:11","1","NaN","00:00:00","00:58:11","--","--"
Running,2024-03-04 18:15:09,false,"Winston-Salem Running","5.01","479","00:46:42","150","164","174","217","9:19","3:13","276","242","0.99","NaN","NaN","NaN","0.0","NaN","NaN","NaN","NaN","NaN","No","00:00:06.3","6","NaN","00:46:22","00:51:07","742","971"
Cardio,2024-03-04 17:05:08,false,"Cardio","0.00","314","00:50:07","117","154","--","--","--","--","--","--","NaN","NaN","NaN","NaN","0.0","NaN","NaN","NaN","NaN","NaN","No","00:50:07","1","NaN","00:00:00","00:50:07","--","--"
Cardio,2024-03-03 15:23:12,false,"Cardio","0.00","266","01:10:12","96","127","--","--","--","--","--","--","NaN","NaN","NaN","NaN","0.0","NaN","NaN","NaN","NaN","NaN","No","01:10:12","1","NaN","00:00:00","01:10:12","761","761"
Running,2024-03-03 14:29:59,false,"Winston-Salem Running","3.12","310","00:29:42","148","159","170","177","9:31","8:44","52","59","1.00","NaN","NaN","NaN","0.0","NaN","NaN","NaN","NaN","NaN","No","00:01:05.7","4","NaN","00:29:40","00:31:05","723","767"
Running,2024-03-02 08:05:06,false,"Winston-Salem Running","6.01","645","00:55:04","164","178","175","184","9:10","7:58","332","308","1.00","NaN","NaN","NaN","0.0","NaN","NaN","NaN","NaN","NaN","No","00:00:08.5","7","NaN","00:55:01","01:00:16","742","956"
Cardio,2024-03-01 18:07:35,false,"Cardio","0.00","321","01:00:20","110","144","--","--","--","--","--","--","NaN","NaN","NaN","NaN","0.0","NaN","NaN","NaN","NaN","NaN","No","01:00:20","1","NaN","00:00:00","01:00:20","--","--"
Running,2024-02-29 17:45:15,false,"Winston-Salem Running","5.05","459","00:44:29","148","168","175","194","8:49","6:42","336","325","1.04","NaN","NaN","NaN","0.0","NaN","NaN","NaN","NaN","NaN","No","00:00:23.6","6","NaN","00:44:19","00:53:37","751","955"
Cardio,2024-02-28 16:29:55,false,"Cardio","0.00","281","00:52:02","112","155","--","--","--","--","--","--","NaN","NaN","NaN","NaN","0.0","NaN","NaN","NaN","NaN","NaN","No","00:52:02","1","NaN","00:00:00","00:52:02","991","991"
Running,2024-02-26 18:17:41,false,"Winston-Salem Running","3.24","322","00:34:01","144","164","152","231","10:31","7:34","230","196","1.00","NaN","NaN","NaN","0.0","NaN","NaN","NaN","NaN","NaN","No","00:02:22.3","4","NaN","00:33:51","00:36:51","764","973"
Cardio,2024-02-26 07:19:50,false,"Cardio","0.00","344","00:53:18","120","156","--","--","--","--","--","--","NaN","NaN","NaN","NaN","0.0","NaN","NaN","NaN","NaN","NaN","No","00:53:18","1","NaN","00:00:00","00:53:18","--","--"
Running,2024-02-25 16:09:40,false,"Winston-Salem Running","4.01","373","00:32:00","163","184","175","188","7:59","7:08","151","149","1.15","NaN","NaN","NaN","0.0","NaN","NaN","NaN","NaN","NaN","No","00:00:04.1","5","NaN","00:31:54","00:35:57","721","801"
Running,2024-02-24 07:33:18,false,"Winston-Salem Running","8.07","821","01:15:29","158","182","176","188","9:21","7:36","494","491","0.98","NaN","NaN","NaN","0.0","NaN","NaN","NaN","NaN","NaN","No","00:00:42.7","9","NaN","01:15:14","01:29:15","748","957"
Cardio,2024-02-23 08:16:32,false,"Cardio","0.00","334","01:02:31","112","148","--","--","--","--","--","--","NaN","NaN","NaN","NaN","0.0","NaN","NaN","NaN","NaN","NaN","No","01:02:31","1","NaN","00:00:00","01:02:31","--","--"
Running,2024-02-22 18:03:01,false,"Winston-Salem Running","3.17","309","00:29:20","150","159","173","184","9:15","8:13","203","140","1.01","NaN","NaN","NaN","0.0","NaN","NaN","NaN","NaN","NaN","No","00:01:37.0","4","NaN","00:29:14","00:29:38","751","955"
Cardio,2024-02-21 08:32:07,false,"Cardio","0.00","324","00:46:19","124","154","--","--","--","--","--","--","NaN","NaN","NaN","NaN","0.0","NaN","NaN","NaN","NaN","NaN","No","00:46:19","1","NaN","00:00:00","00:46:19","802","802"
Running,2024-02-21 07:35:16,false,"Winston-Salem Running","4.11","406","00:36:44","160","184","173","200","8:57","5:55","58","71","1.04","NaN","NaN","NaN","0.0","NaN","NaN","NaN","NaN","NaN","No","00:01:06.4","5","NaN","00:36:23","00:46:58","784","842"
Running,2024-02-19 18:15:59,false,"Winston-Salem Running","3.05","304","00:29:49","147","162","173","190","9:47","8:39","145","153","0.95","NaN","NaN","NaN","0.0","NaN","NaN","NaN","NaN","NaN","No","00:00:30.3","4","NaN","00:29:47","00:30:10","844","958"
Cardio,2024-02-19 17:07:55,false,"Cardio","0.00","214","00:43:36","107","134","--","--","--","--","--","--","NaN","NaN","NaN","NaN","0.0","NaN","NaN","NaN","NaN","NaN","No","00:43:36","1","NaN","00:00:00","00:43:36","--","--"
Cardio,2024-02-18 15:26:33,false,"Cardio","0.00","292","01:08:11","102","128","--","--","--","--","--","--","NaN","NaN","NaN","NaN","0.0","NaN","NaN","NaN","NaN","NaN","No","01:08:11","1","NaN","00:00:00","01:08:11","--","--"
Running,2024-02-18 08:35:44,false,"Winston-Salem Running","4.05","445","00:40:23","157","178","172","188","9:59","7:36","364","463","0.94","NaN","NaN","NaN","0.0","NaN","NaN","NaN","NaN","NaN","No","00:00:27.2","5","NaN","00:40:17","00:45:45","721","1,068"
Running,2024-02-17 07:03:54,false,"Winston-Salem Running","10.10","1,017","01:30:08","161","184","177","186","8:56","7:47","471","445","1.02","NaN","NaN","NaN","0.0","NaN","NaN","NaN","NaN","NaN","No","00:00:55.9","11","NaN","01:29:41","01:59:23","742","957"
Cardio,2024-02-16 18:44:21,false,"Cardio","0.00","300","00:56:07","112","144","--","--","--","--","--","--","NaN","NaN","NaN","NaN","0.0","NaN","NaN","NaN","NaN","NaN","No","00:56:07","1","NaN","00:00:00","00:56:07","--","--"
Cardio,2024-02-15 08:02:45,false,"Cardio","0.00","306","00:46:56","122","172","--","--","--","--","--","--","NaN","NaN","NaN","NaN","0.0","NaN","NaN","NaN","NaN","NaN","No","00:46:56","1","NaN","00:00:00","00:46:56","808","808"
Running,2024-02-15 07:18:53,false,"Winston-Salem Running","4.01","441","00:39:24","156","173","171","182","9:50","8:49","147","136","0.96","NaN","NaN","NaN","0.0","NaN","NaN","NaN","NaN","NaN","No","00:00:05.4","5","NaN","00:39:09","00:41:08","784","860"
Cardio,2024-02-13 18:16:20,false,"Cardio","0.00","295","00:50:09","113","150","--","--","--","--","--","--","NaN","NaN","NaN","NaN","0.0","NaN","NaN","NaN","NaN","NaN","No","00:50:09","1","NaN","00:00:00","00:50:09","883","883"
Running,2024-02-13 17:14:33,false,"Winston-Salem Running","4.02","306","00:32:21","143","164","175","193","8:03","6:15","184","129","1.14","NaN","NaN","NaN","0.0","NaN","NaN","NaN","NaN","NaN","No","00:00:07.8","5","NaN","00:32:12","00:42:40","742","862"
Cardio,2024-02-12 17:59:53,false,"Cardio","0.00","320","01:09:44","104","135","--","--","--","--","--","--","NaN","NaN","NaN","NaN","0.0","NaN","NaN","NaN","NaN","NaN","No","01:09:44","1","NaN","00:00:00","01:09:44","793","793"
Running,2024-02-11 14:18:34,false,"Winston-Salem Running","6.21","599","00:57:44","153","171","170","180","9:17","5:45","294","359","1.02","NaN","NaN","NaN","0.0","NaN","NaN","NaN","NaN","NaN","No","00:02:01.7","7","NaN","00:57:18","01:07:19","796","982"
Running,2024-02-10 08:00:03,false,"Winston-Salem Running","4.02","416","00:38:13","155","183","168","178","9:30","7:30","216","267","1.01","NaN","NaN","NaN","0.0","NaN","NaN","NaN","NaN","NaN","No","00:00:10.5","5","NaN","00:37:51","00:40:51","820","948"
Cardio,2024-02-09 11:23:19,false,"Cardio","0.00","267","00:51:23","109","147","--","--","--","--","--","--","NaN","NaN","NaN","NaN","0.0","NaN","NaN","NaN","NaN","NaN","No","00:51:23","1","NaN","00:00:00","00:51:23","941","941"
Running,2024-02-08 17:42:33,false,"Winston-Salem Running","4.28","448","00:40:35","158","175","171","184","9:29","7:49","300","253","1.00","NaN","NaN","NaN","0.0","NaN","NaN","NaN","NaN","NaN","No","00:02:26.6","5","NaN","00:40:31","00:56:05","751","957"
Cardio,2024-02-08 07:26:57,false,"Cardio","0.00","293","00:47:36","116","159","--","--","--","--","--","--","NaN","NaN","NaN","NaN","0.0","NaN","NaN","NaN","NaN","NaN","No","00:47:36","1","NaN","00:00:00","00:47:36","--","--"
Cardio,2024-02-06 18:49:41,false,"Cardio","0.00","254","00:52:10","106","135","--","--","--","--","--","--","NaN","NaN","NaN","NaN","0.0","NaN","NaN","NaN","NaN","NaN","No","00:52:10","1","NaN","00:00:00","00:52:10","773","773"
Running,2024-02-06 17:28:02,false,"Winston-Salem Running","5.77","334","00:44:44","131","152","178","223","7:45","5:27","59","56","1.17","NaN","NaN","NaN","0.0","NaN","NaN","NaN","NaN","NaN","No","00:06:20.8","6","NaN","00:44:36","01:10:09","784","840"
Running,2024-02-05 18:14:55,false,"Winston-Salem Running","3.01","298","00:30:06","145","157","170","180","10:00","9:08","161","166","0.95","NaN","NaN","NaN","0.0","NaN","NaN","NaN","NaN","NaN","No","00:00:06.0","4","NaN","00:29:56","00:30:53","845","959"
Running,2024-02-03 08:35:06,false,"Winston-Salem Running","3.19","333","00:28:35","166","185","175","187","8:58","7:58","207","212","1.03","NaN","NaN","NaN","0.0","NaN","NaN","NaN","NaN","NaN","No","00:01:42.5","4","NaN","00:28:33","00:28:35","751","955"
Cardio,2024-02-02 07:16:42,false,"Cardio","0.00","275","00:53:35","111","141","--","--","--","--","--","--","NaN","NaN","NaN","NaN","0.0","NaN","NaN","NaN","NaN","NaN","No","00:53:35","1","NaN","00:00:00","00:53:35","--","--"
Running,2024-02-01 17:31:36,false,"Winston-Salem Running","4.00","412","00:38:27","155","174","170","180","9:36","8:17","432","435","0.99","NaN","NaN","NaN","0.0","NaN","NaN","NaN","NaN","NaN","No","00:00:01.2","5","NaN","00:38:18","01:09:36","767","956"
Cardio,2024-02-01 06:35:09,false,"Cardio","0.00","283","00:47:33","116","167","--","--","--","--","--","--","NaN","NaN","NaN","NaN","0.0","NaN","NaN","NaN","NaN","NaN","No","00:47:33","1","NaN","00:00:00","00:47:33","--","--"
Running,2024-01-31 08:19:57,false,"Winston-Salem Running","4.02","393","00:38:45","150","163","171","181","9:38","7:41","182","178","0.98","NaN","NaN","NaN","0.0","NaN","NaN","NaN","NaN","NaN","No","00:00:15.4","5","NaN","00:38:36","00:41:41","736","861"
Cardio,2024-01-30 06:45:45,false,"Cardio","0.00","265","00:56:55","107","137","--","--","--","--","--","--","NaN","NaN","NaN","NaN","0.0","NaN","NaN","NaN","NaN","NaN","No","00:56:55","1","NaN","00:00:00","00:56:55","--","--"
Running,2024-01-28 10:33:46,false,"Athens Running","3.00","352","00:31:30","166","180","174","191","10:29","3:51","208","102","0.88","NaN","NaN","NaN","0.0","NaN","NaN","NaN","NaN","NaN","No","00:00:04.2","4","NaN","00:31:24","00:36:10","583","723"
Running,2024-01-28 08:19:09,false,"Athens Running","6.70","656","00:52:02","177","192","181","203","7:46","6:13","317","302","1.15","NaN","NaN","NaN","0.0","NaN","NaN","NaN","NaN","NaN","No","00:05:31.8","7","NaN","00:51:56","00:52:02","600","778"
Running,2024-01-28 07:32:30,false,"Athens Running","1.03","92","00:10:21","133","151","176","190","10:03","7:44","22","--","0.91","NaN","NaN","NaN","0.0","NaN","NaN","NaN","NaN","NaN","No","00:00:18.9","2","NaN","00:10:20","00:12:28","739","761"
Running,2024-01-27 07:30:06,false,"Winston-Salem Running","2.20","239","00:21:29","159","175","174","186","9:46","8:26","72","71","0.95","NaN","NaN","NaN","0.0","NaN","NaN","NaN","NaN","NaN","No","00:01:56.5","3","NaN","00:21:26","00:23:39","879","942"
Running,2024-01-26 10:09:57,false,"Winston-Salem Running","5.01","489","00:46:15","155","175","170","234","9:14","7:01","503","542","1.03","NaN","NaN","NaN","0.0","NaN","NaN","NaN","NaN","NaN","No","00:00:07.4","6","NaN","00:46:03","00:54:40","786","1,083"
Cardio,2024-01-25 07:11:24,false,"Cardio","0.00","236","00:40:28","116","144","--","--","--","--","--","--","NaN","NaN","NaN","NaN","0.0","NaN","NaN","NaN","NaN","NaN","No","00:40:28","1","NaN","00:00:00","00:40:28","--","--"
Running,2024-01-24 07:34:13,false,"Winston-Salem Running","4.02","416","00:38:48","158","182","174","194","9:39","6:01","117","121","0.96","NaN","NaN","NaN","0.0","NaN","NaN","NaN","NaN","NaN","No","00:00:12.1","5","NaN","00:38:44","00:43:38","719","776"
Cardio,2024-01-23 18:07:02,false,"Cardio","0.00","238","00:54:40","101","142","--","--","--","--","--","--","NaN","NaN","NaN","NaN","0.0","NaN","NaN","NaN","NaN","NaN","No","00:54:40","1","NaN","00:00:00","00:54:40","--","--"
Walking,2024-01-22 18:14:13,false,"Winston-Salem Walking","2.07","206","00:43:11","107","120","106","234","20:51","13:45","116","124","0.72","NaN","NaN","NaN","0.0","NaN","NaN","NaN","NaN","NaN","No","00:01:56.8","3","NaN","00:40:57","00:43:12","853","958"
Running,2024-01-21 07:05:37,false,"Winston-Salem Running","13.10","1,269","02:03:34","159","181","177","190","9:26","8:00","536","547","0.97","NaN","NaN","NaN","0.0","NaN","NaN","NaN","NaN","NaN","No","00:00:57.0","14","NaN","02:03:09","02:25:04","784","983"
Running,2024-01-20 14:39:18,false,"Winston-Salem Running","3.10","305","00:26:52","159","176","176","188","8:40","7:30","50","61","1.05","NaN","NaN","NaN","0.0","NaN","NaN","NaN","NaN","NaN","No","00:00:51.6","4","NaN","00:26:48","00:35:25","720","763"
Cardio,2024-01-19 12:19:22,false,"Cardio","0.00","279","00:45:10","118","145","--","--","--","--","--","--","NaN","NaN","NaN","NaN","0.0","NaN","NaN","NaN","NaN","NaN","No","00:45:10","1","NaN","00:00:00","00:57:25","873","873"
Running,2024-01-19 12:03:25,false,"Winston-Salem Running","1.11","109","00:10:57","141","158","170","184","9:50","8:38","44","31","0.96","NaN","NaN","NaN","0.0","NaN","NaN","NaN","NaN","NaN","No","00:01:14.0","2","NaN","00:10:57","00:11:40","797","840"
Cardio,2024-01-18 18:35:02,false,"Cardio","0.00","248","00:45:07","110","138","--","--","--","--","--","--","NaN","NaN","NaN","NaN","0.0","NaN","NaN","NaN","NaN","NaN","No","00:45:07","1","NaN","00:00:00","00:45:07","788","788"
Running,2024-01-18 17:14:43,false,"Winston-Salem Running","5.16","369","00:42:14","142","170","175","239","8:11","5:49","95","107","1.12","NaN","NaN","NaN","0.0","NaN","NaN","NaN","NaN","NaN","No","00:01:43.1","6","NaN","00:41:20","01:11:57","784","840"
Running,2024-01-17 08:29:12,false,"Winston-Salem Running","3.01","301","00:28:54","150","164","173","188","9:37","8:36","99","100","0.96","NaN","NaN","NaN","0.0","NaN","NaN","NaN","NaN","NaN","No","00:00:07.3","4","NaN","00:28:40","00:34:34","797","859"
Running,2024-01-15 18:14:46,false,"Winston-Salem Running","3.01","289","00:26:35","156","170","177","190","8:50","7:35","170","153","1.03","NaN","NaN","NaN","0.0","NaN","NaN","NaN","NaN","NaN","No","00:00:06.5","4","NaN","00:26:30","00:26:41","846","961"
Cardio,2024-01-15 12:21:03,false,"Cardio","0.00","214","00:54:17","98","133","--","--","--","--","--","--","NaN","NaN","NaN","NaN","0.0","NaN","NaN","NaN","NaN","NaN","No","00:54:17","1","NaN","00:00:00","00:54:17","--","--"
Running,2024-01-14 13:32:29,false,"Winston-Salem Running","10.02","945","01:26:15","162","186","175","196","8:37","7:28","265","278","1.07","NaN","NaN","NaN","0.0","NaN","NaN","NaN","NaN","NaN","No","00:00:09.1","11","NaN","01:25:48","01:47:05","833","983"
Running,2024-01-13 08:33:02,false,"Winston-Salem Running","3.04","314","00:30:58","149","165","172","209","10:11","9:02","421","428","0.92","NaN","NaN","NaN","0.0","NaN","NaN","NaN","NaN","NaN","No","00:00:27.9","4","NaN","00:30:36","00:33:24","752","1,089"
Running,2024-01-11 17:43:03,false,"Winston-Salem Running","4.09","386","00:39:08","147","163","174","248","9:34","8:23","292","259","0.97","NaN","NaN","NaN","0.0","NaN","NaN","NaN","NaN","NaN","No","00:00:46.1","5","NaN","00:39:05","00:57:02","751","957"
Cardio,2024-01-11 07:40:48,false,"Cardio","0.00","245","00:35:06","122","147","--","--","--","--","--","--","NaN","NaN","NaN","NaN","0.0","NaN","NaN","NaN","NaN","NaN","No","00:35:06","1","NaN","00:00:00","00:35:06","--","--"
Running,2024-01-10 16:18:37,false,"Winston-Salem Running","4.01","387","00:38:13","150","172","170","219","9:32","7:19","229","250","0.99","NaN","NaN","NaN","0.0","NaN","NaN","NaN","NaN","NaN","No","00:00:06.3","5","NaN","00:37:52","00:47:25","799","942"
Cardio,2024-01-09 08:29:07,false,"Cardio","0.00","302","00:40:44","127","162","--","--","--","--","--","--","NaN","NaN","NaN","NaN","0.0","NaN","NaN","NaN","NaN","NaN","No","00:40:44","1","NaN","00:00:00","00:40:44","760","760"
Running,2024-01-07 10:20:56,false,"Winston-Salem Running","9.02","906","01:18:05","165","183","175","190","8:40","6:49","326","334","1.06","NaN","NaN","NaN","0.0","NaN","NaN","NaN","NaN","NaN","No","00:00:07.9","10","NaN","01:17:43","01:32:11","784","984"
Cardio,2024-01-06 13:56:29,false,"Cardio","0.00","297","00:53:06","113","146","--","--","--","--","--","--","NaN","NaN","NaN","NaN","0.0","NaN","NaN","NaN","NaN","NaN","No","00:53:06","1","NaN","00:00:00","00:53:06","--","--"
Running,2024-01-05 12:15:05,false,"Winston-Salem Running","1.01","106","00:09:32.7","152","165","174","193","9:26","8:19","14","21","0.98","NaN","NaN","NaN","0.0","NaN","NaN","NaN","NaN","NaN","No","00:00:07.7","2","NaN","00:09:15","00:11:25","747","766"
Running,2024-01-05 11:24:16,false,"Winston-Salem Running","4.02","296","00:30:50","146","173","178","200","7:40","5:28","10","6","1.18","NaN","NaN","NaN","0.0","NaN","NaN","NaN","NaN","NaN","No","00:00:11.4","5","NaN","00:30:19","00:50:15","745","771"
Running,2024-01-04 18:05:28,false,"Winston-Salem Running","3.04","308","00:32:22","143","162","175","244","10:39","7:59","210","159","0.86","NaN","NaN","NaN","0.0","NaN","NaN","NaN","NaN","NaN","No","00:00:23.5","4","NaN","00:32:21","00:34:17","751","957"
Running,2024-01-04 17:18:29,false,"Winston-Salem Running","2.02","174","00:17:36","144","165","177","190","8:43","7:34","86","91","1.04","NaN","NaN","NaN","0.0","NaN","NaN","NaN","NaN","NaN","No","00:00:09.2","3","NaN","00:17:27","00:18:56","742","837"
Cardio,2024-01-03 07:26:53,false,"Cardio","0.00","214","00:30:18","125","163","--","--","--","--","--","--","NaN","NaN","NaN","NaN","0.0","NaN","NaN","NaN","NaN","NaN","No","00:30:18","1","NaN","00:00:00","00:30:18","980","980"
Running,2024-01-01 18:12:50,false,"Winston-Salem Running","3.01","283","00:27:07","150","163","178","190","9:00","8:09","152","150","1.01","NaN","NaN","NaN","0.0","NaN","NaN","NaN","NaN","NaN","No","00:00:07.2","4","NaN","00:27:01","00:27:55","851","958"
Cardio,2024-01-01 13:04:37,false,"Cardio","0.00","205","00:34:07","116","138","--","--","--","--","--","--","NaN","NaN","NaN","NaN","0.0","NaN","NaN","NaN","NaN","NaN","No","00:34:07","1","NaN","00:00:00","00:34:07","--","--"
Running,2023-12-31 07:05:11,false,"Winston-Salem Running","13.73","1,284","02:18:19","153","174","174","228","10:04","8:46","608","614","0.92","NaN","NaN","NaN","0.0","NaN","NaN","NaN","NaN","NaN","No","00:07:31.9","14","NaN","02:18:06","02:27:32","797","983"
Running,2023-12-30 08:35:29,false,"Winston-Salem Running","3.11","325","00:29:09","159","172","178","188","9:22","8:07","199","207","0.96","NaN","NaN","NaN","0.0","NaN","NaN","NaN","NaN","NaN","No","00:01:09.8","4","NaN","00:29:06","00:29:35","752","955"
Cardio,2023-12-29 10:19:03,false,"Cardio","0.00","273","00:35:19","128","157","--","--","--","--","--","--","NaN","NaN","NaN","NaN","0.0","NaN","NaN","NaN","NaN","NaN","No","00:35:19","1","NaN","00:00:00","00:35:19","877","877"
Running,2023-12-28 17:32:34,false,"Winston-Salem Running","4.31","379","00:38:43","145","163","174","194","8:59","7:13","305","268","1.03","NaN","NaN","NaN","0.0","NaN","NaN","NaN","NaN","NaN","No","00:02:54.4","5","NaN","00:38:14","01:02:29","752","957"
Cardio,2023-12-28 08:33:01,false,"Cardio","0.00","58","00:16:26","90","113","--","--","--","--","--","--","NaN","NaN","NaN","NaN","0.0","NaN","NaN","NaN","NaN","NaN","No","00:16:26","1","NaN","00:00:00","00:16:26","887","887"
Cardio,2023-12-27 09:27:52,false,"Cardio","0.00","220","00:34:04","118","169","--","--","--","--","--","--","NaN","NaN","NaN","NaN","0.0","NaN","NaN","NaN","NaN","NaN","No","00:34:04","1","NaN","00:00:00","00:34:04","887","887"
Walking,2023-12-27 08:47:10,false,"Winston-Salem Walking","1.13","107","00:21:25","100","113","121","247","18:53","14:49","113","117","0.70","NaN","NaN","NaN","0.0","NaN","NaN","NaN","NaN","NaN","No","00:02:19.9","2","NaN","00:20:55","00:21:25","868","969"
Cardio,2023-12-26 11:22:17,false,"Cardio","0.00","171","00:28:11","117","150","--","--","--","--","--","--","NaN","NaN","NaN","NaN","0.0","NaN","NaN","NaN","NaN","NaN","No","00:28:11","1","NaN","00:00:00","00:28:11","--","--"
Walking,2023-12-25 07:22:57,false,"Winston-Salem Walking","1.53","147","00:31:57","102","125","107","135","20:51","12:33","62","65","0.72","NaN","NaN","NaN","0.0","NaN","NaN","NaN","NaN","NaN","No","00:11:09","2","NaN","00:30:35","00:31:58","886","920"
Running,2023-12-23 09:05:35,false,"Winston-Salem Running","12.02","1,148","01:49:54","157","185","175","237","9:09","6:59","515","514","1.01","NaN","NaN","NaN","0.0","NaN","NaN","NaN","NaN","NaN","No","00:00:08.3","13","NaN","01:49:31","02:06:08","798","983"
Cardio,2023-12-21 17:42:53,false,"Cardio","0.00","234","00:40:27","113","144","--","--","--","--","--","--","NaN","NaN","NaN","NaN","0.0","NaN","NaN","NaN","NaN","NaN","No","00:40:27","1","NaN","00:00:00","00:40:27","--","--"
Running,2023-12-20 16:58:26,false,"Winston-Salem Running","4.02","378","00:38:07","152","174","172","244","9:29","8:23","129","129","0.99","NaN","NaN","NaN","0.0","NaN","NaN","NaN","NaN","NaN","No","00:00:16.0","5","NaN","00:37:39","00:44:30","720","780"
Cardio,2023-12-19 19:14:15,false,"Cardio","0.00","102","00:21:46","101","124","--","--","--","--","--","--","NaN","NaN","NaN","NaN","0.0","NaN","NaN","NaN","NaN","NaN","No","00:21:46","1","NaN","00:00:00","00:21:46","760","760"
Running,2023-12-19 18:04:54,false,"Winston-Salem Running","5.01","407","00:42:55","150","180","179","202","8:34","6:13","65","67","1.05","NaN","NaN","NaN","0.0","NaN","NaN","NaN","NaN","NaN","No","00:00:06.8","6","NaN","00:42:28","00:55:27","784","840"
Running,2023-12-18 09:56:08,false,"New York Running","4.02","420","00:38:53","157","179","171","182","9:41","7:10","2","2","0.97","NaN","NaN","NaN","0.0","NaN","NaN","NaN","NaN","NaN","No","00:00:09.4","5","NaN","00:38:49","00:40:41","-7","10"
Running,2023-12-15 13:09:45,false,"Winston-Salem Running","4.02","427","00:39:41","156","173","166","180","9:53","8:49","203","223","0.98","NaN","NaN","NaN","0.0","NaN","NaN","NaN","NaN","NaN","No","00:00:09.8","5","NaN","00:39:00","00:49:52","819","948"
Cardio,2023-12-14 07:50:24,false,"Cardio","0.00","268","00:42:48","120","146","--","--","--","--","--","--","NaN","NaN","NaN","NaN","0.0","NaN","NaN","NaN","NaN","NaN","No","00:42:48","1","NaN","00:00:00","00:42:48","--","--"
Running,2023-12-13 06:53:55,false,"Winston-Salem Running","4.07","328","00:32:21","154","180","178","200","7:56","5:34","70","70","1.14","NaN","NaN","NaN","0.0","NaN","NaN","NaN","NaN","NaN","No","00:00:41.1","5","NaN","00:31:41","00:52:24","747","767"
Running,2023-12-11 18:16:38,false,"Winston-Salem Running","3.03","304","00:28:28","154","176","175","188","9:23","7:20","167","164","0.98","NaN","NaN","NaN","0.0","NaN","NaN","NaN","NaN","NaN","No","00:00:19.6","4","NaN","00:28:08","00:29:15","848","958"
Cardio,2023-12-11 07:24:26,false,"Cardio","0.00","288","00:47:42","118","150","--","--","--","--","--","--","NaN","NaN","NaN","NaN","0.0","NaN","NaN","NaN","NaN","NaN","No","00:47:42","1","NaN","00:00:00","00:47:42","--","--"
Cardio,2023-12-10 14:16:29,false,"Cardio","0.00","276","00:57:14","107","139","--","--","--","--","--","--","NaN","NaN","NaN","NaN","0.0","NaN","NaN","NaN","NaN","NaN","No","00:57:14","1","NaN","00:00:00","00:57:14","--","--"
Running,2023-12-09 09:25:44,false,"Winston-Salem Running","15.05","1,463","02:20:12","159","187","173","188","9:19","7:12","613","614","1.00","NaN","NaN","NaN","0.0","NaN","NaN","NaN","NaN","NaN","No","00:00:31.2","16","NaN","02:19:40","02:47:02","784","984"
Running,2023-12-07 18:10:55,false,"Winston-Salem Running","3.19","332","00:31:25","152","169","173","194","9:51","8:16","214","192","0.94","NaN","NaN","NaN","0.0","NaN","NaN","NaN","NaN","NaN","No","00:01:41.8","4","NaN","00:31:24","00:31:30","753","955"
Running,2023-12-02 08:00:16,false,"Winston-Salem Running","13.11","1,454","02:22:09","157","179","161","246","10:51","6:34","575","581","0.93","NaN","NaN","NaN","0.0","NaN","NaN","NaN","NaN","NaN","No","00:01:13.0","14","NaN","02:20:59","02:26:51","798","983"
Running,2023-12-01 18:10:13,false,"Winston-Salem Running","3.06","312","00:28:39","155","168","174","204","9:22","8:24","152","176","0.99","NaN","NaN","NaN","0.0","NaN","NaN","NaN","NaN","NaN","No","00:00:31.7","4","NaN","00:28:35","00:29:46","796","936"
Running,2023-11-30 18:09:09,false,"Winston-Salem Running","3.19","315","00:31:19","146","158","170","188","9:48","8:21","212","223","0.96","NaN","NaN","NaN","0.0","NaN","NaN","NaN","NaN","NaN","No","00:01:50.1","4","NaN","00:31:01","00:32:01","752","955"
Cardio,2023-11-30 16:29:12,false,"Cardio","0.00","220","00:32:40","119","148","--","--","--","--","--","--","NaN","NaN","NaN","NaN","0.0","NaN","NaN","NaN","NaN","NaN","No","00:32:40","1","NaN","00:00:00","00:32:40","--","--"
Running,2023-11-29 15:47:18,false,"Winston-Salem Running","3.01","310","00:27:39","158","176","169","245","9:11","8:14","97","140","1.04","NaN","NaN","NaN","0.0","NaN","NaN","NaN","NaN","NaN","No","00:00:07.5","4","NaN","00:27:23","00:31:41","821","948"
Cardio,2023-11-28 06:29:39,false,"Cardio","0.00","204","00:58:42","91","129","--","--","--","--","--","--","NaN","NaN","NaN","NaN","0.0","NaN","NaN","NaN","NaN","NaN","No","00:58:42","1","NaN","00:00:00","00:58:42","981","981"
Running,2023-11-27 18:13:54,false,"Winston-Salem Running","3.13","298","00:29:01","149","161","175","194","9:16","7:00","154","158","0.99","NaN","NaN","NaN","0.0","NaN","NaN","NaN","NaN","NaN","No","00:00:18.9","5","NaN","00:28:52","00:30:00","844","958"
Running,2023-11-25 08:26:26,false,"Watauga County Running","7.50","781","01:15:11","153","170","173","200","10:02","7:34","328","290","0.93","NaN","NaN","NaN","0.0","NaN","NaN","NaN","NaN","NaN","No","00:05:23.0","8","NaN","01:14:58","01:27:00","2,921","3,037"
Cardio,2023-11-24 08:22:36,false,"Cardio","0.00","422","01:05:38","124","166","--","--","--","--","--","--","NaN","NaN","NaN","NaN","0.0","NaN","NaN","NaN","NaN","NaN","No","01:05:38","1","NaN","00:00:00","01:05:38","473","473"
Running,2023-11-23 08:01:17,false,"Carrboro Running","5.02","432","00:40:51","151","165","177","200","8:08","6:23","107","106","1.12","NaN","NaN","NaN","0.0","NaN","NaN","NaN","NaN","NaN","No","00:00:07.0","6","NaN","00:40:50","00:41:00","440","513"
Running,2023-11-23 07:36:01,false,"Carrboro Running","0.74","59","00:06:28.5","133","152","169","188","8:47","8:19","--","21","1.08","NaN","NaN","NaN","0.0","NaN","NaN","NaN","NaN","NaN","No","00:06:28.5","1","NaN","00:06:19","00:06:56.8","459","492"
Cardio,2023-11-21 05:37:56,false,"Cardio","0.00","402","00:48:16","138","168","--","--","--","--","--","--","NaN","NaN","NaN","NaN","0.0","NaN","NaN","NaN","NaN","NaN","No","00:48:16","1","NaN","00:00:00","00:48:16","818","818"
Running,2023-11-20 18:12:41,false,"Winston-Salem Running","4.09","421","00:40:48","149","163","170","200","9:58","8:38","252","221","0.95","NaN","NaN","NaN","0.0","NaN","NaN","NaN","NaN","NaN","No","00:01:00.9","5","NaN","00:40:26","00:41:48","752","973"
Cardio,2023-11-20 10:54:56,false,"Cardio","0.00","219","00:33:18","119","153","--","--","--","--","--","--","NaN","NaN","NaN","NaN","0.0","NaN","NaN","NaN","NaN","NaN","No","00:33:18","1","NaN","00:00:00","00:33:19","--","--"
Running,2023-11-19 14:43:22,false,"Winston-Salem Running","3.01","301","00:26:58","156","178","171","217","8:57","7:39","122","160","1.05","NaN","NaN","NaN","0.0","NaN","NaN","NaN","NaN","NaN","No","00:00:07.3","4","NaN","00:26:53","00:29:12","741","888"
Running,2023-11-18 07:06:35,false,"Winston-Salem Running","9.01","971","01:28:58","158","173","170","182","9:53","8:23","364","374","0.96","NaN","NaN","NaN","0.0","NaN","NaN","NaN","NaN","NaN","No","00:00:06.3","10","NaN","01:28:32","01:41:35","786","983"
Running,2023-11-17 08:30:54,false,"Winston-Salem Running","4.01","386","00:33:23","160","184","170","188","8:19","7:18","120","117","1.14","NaN","NaN","NaN","0.0","NaN","NaN","NaN","NaN","NaN","No","00:00:06.1","5","NaN","00:33:11","00:42:04","723","780"
Running,2023-11-16 18:08:59,false,"Winston-Salem Running","3.13","306","00:28:57","150","168","170","190","9:14","7:08","222","221","1.02","NaN","NaN","NaN","0.0","NaN","NaN","NaN","NaN","NaN","No","00:01:11.1","4","NaN","00:28:40","00:30:48","750","955"
Cardio,2023-11-16 06:31:32,false,"Cardio","0.00","295","00:45:36","118","150","--","--","--","--","--","--","NaN","NaN","NaN","NaN","0.0","NaN","NaN","NaN","NaN","NaN","No","00:45:36","1","NaN","00:00:00","00:45:36","--","--"
Cardio,2023-11-14 06:33:07,false,"Cardio","0.00","298","00:42:59","124","153","--","--","--","--","--","--","NaN","NaN","NaN","NaN","0.0","NaN","NaN","NaN","NaN","NaN","No","00:42:59","1","NaN","00:00:00","00:42:59","--","--"
Running,2023-11-13 18:16:29,false,"Winston-Salem Running","3.10","296","00:29:03","145","159","171","184","9:22","7:54","149","150","1.00","NaN","NaN","NaN","0.0","NaN","NaN","NaN","NaN","NaN","No","00:01:02.5","4","NaN","00:28:57","00:29:43","844","958"
Running,2023-11-12 15:18:07,false,"Winston-Salem Running","4.01","357","00:35:47","148","181","169","188","8:56","7:32","193","192","1.06","NaN","NaN","NaN","0.0","NaN","NaN","NaN","NaN","NaN","No","00:00:03.1","5","NaN","00:35:26","00:45:22","740","870"
